compiler/src	compiler/src/CLI/_module.cryo	63	30	scope	Pair	guess=0
compiler/src	compiler/src/CLI/_module.cryo	94	33	scope	Pair	guess=0
compiler/src	compiler/src/CLI/_module.cryo	112	31	scope	Pair	guess=0
compiler/src	compiler/src/CLI/_module.cryo	352	38	scope	HashMap	guess=0
compiler/src	compiler/src/CLI/commands.cryo	2138	27	member	as	guess=0
compiler/src	compiler/src/CLI/commands.cryo	2151	27	member	as	guess=0
compiler/src	compiler/src/CLI/commands.cryo	2164	39	member	as	guess=0
compiler/src	compiler/src/CLI/commands.cryo	2179	35	member	as	guess=0
compiler/src	compiler/src/CLI/commands.cryo	2188	35	member	as	guess=0
compiler/src	compiler/src/CLI/commands.cryo	2200	35	member	as	guess=0
compiler/src	compiler/src/CLI/commands.cryo	2213	35	member	as	guess=0
compiler/src	compiler/src/CLI/commands.cryo	2226	47	member	as	guess=0
compiler/src	compiler/src/CLI/commands.cryo	2243	47	member	as	guess=0
compiler/src	compiler/src/compiler/build_manifest.cryo	298	38	ident	Array	guess=1
compiler/src	compiler/src/compiler/codegen/ast_arena.cryo	48	34	ident	Box	guess=1
compiler/src	compiler/src/compiler/codegen/ops/declaration_emitter.cryo	1436	49	member	parse_int	guess=0
compiler/src	compiler/src/compiler/codegen/ops/declaration_emitter.cryo	1826	19	ident	Pair	guess=1
compiler/src	compiler/src/compiler/codegen/ops/declaration_emitter.cryo	1827	19	ident	Pair	guess=1
compiler/src	compiler/src/compiler/codegen/ops/declaration_emitter.cryo	1853	19	ident	Pair	guess=1
compiler/src	compiler/src/compiler/codegen/ops/declaration_emitter.cryo	2381	34	member	parse_int	guess=0
compiler/src	compiler/src/compiler/codegen/ops/expr_ops.cryo	655	29	ident	Pair	guess=1
compiler/src	compiler/src/compiler/codegen/ops/expr_ops.cryo	661	33	ident	Pair	guess=1
compiler/src	compiler/src/compiler/codegen/ops/expr_ops.cryo	713	29	ident	Pair	guess=1
compiler/src	compiler/src/compiler/codegen/ops/expr_ops.cryo	719	33	ident	Pair	guess=1
compiler/src	compiler/src/compiler/codegen/ops/expr_ops.cryo	1564	27	ident	Pair	guess=1
compiler/src	compiler/src/compiler/codegen/ops/expr_ops.cryo	1565	27	ident	Pair	guess=1
compiler/src	compiler/src/compiler/codegen/ops/expr_ops.cryo	2255	26	ident	Pair	guess=1
compiler/src	compiler/src/compiler/codegen/ops/expr_ops.cryo	2323	29	ident	Pair	guess=1
compiler/src	compiler/src/compiler/codegen/ops/expr_ops.cryo	2324	29	ident	Pair	guess=1
compiler/src	compiler/src/compiler/codegen/ops/expr_ops.cryo	2333	27	ident	Pair	guess=1
compiler/src	compiler/src/compiler/codegen/ops/expr_ops.cryo	2334	27	ident	Pair	guess=1
compiler/src	compiler/src/compiler/codegen/ops/expr_ops.cryo	2348	30	ident	Pair	guess=1
compiler/src	compiler/src/compiler/codegen/ops/expr_ops.cryo	2349	30	ident	Pair	guess=1
compiler/src	compiler/src/compiler/codegen/ops/expr_ops.cryo	2367	26	ident	Pair	guess=1
compiler/src	compiler/src/compiler/codegen/ops/expr_ops.cryo	2390	30	ident	Pair	guess=1
compiler/src	compiler/src/compiler/codegen/ops/expr_ops.cryo	2391	30	ident	Pair	guess=1
compiler/src	compiler/src/compiler/codegen/ops/expr_ops.cryo	2393	30	ident	Pair	guess=1
compiler/src	compiler/src/compiler/codegen/ops/expr_ops.cryo	2418	24	ident	Pair	guess=1
compiler/src	compiler/src/compiler/codegen/ops/expr_ops.cryo	2421	28	ident	Pair	guess=1
compiler/src	compiler/src/compiler/codegen/ops/expr_ops.cryo	2513	20	ident	Pair	guess=1
compiler/src	compiler/src/compiler/codegen/ops/expr_ops.cryo	2530	19	ident	Pair	guess=1
compiler/src	compiler/src/compiler/codegen/ops/expr_ops.cryo	2748	30	ident	Pair	guess=1
compiler/src	compiler/src/compiler/codegen/passes.cryo	759	46	ident	Box	guess=1
compiler/src	compiler/src/compiler/codegen/passes.cryo	804	51	ident	Box	guess=1
compiler/src	compiler/src/compiler/codegen/passes.cryo	1225	28	ident	Slice	guess=1
compiler/src	compiler/src/compiler/codegen/state/function_registry.cryo	32	31	ident	HashMap	guess=1
compiler/src	compiler/src/compiler/codegen/state/global_registry.cryo	25	53	ident	HashMap	guess=1
compiler/src	compiler/src/compiler/codegen/type_map.cryo	75	41	ident	HashMap	guess=1
compiler/src	compiler/src/compiler/codegen/type_map.cryo	93	48	ident	Box	guess=1
compiler/src	compiler/src/compiler/codegen/visit/call_emitter.cryo	328	48	ident	Pair	guess=1
compiler/src	compiler/src/compiler/codegen/visit/call_emitter.cryo	331	52	ident	Pair	guess=1
compiler/src	compiler/src/compiler/codegen/visit/call_emitter.cryo	403	44	ident	Pair	guess=1
compiler/src	compiler/src/compiler/codegen/visit/call_emitter.cryo	584	35	ident	Pair	guess=1
compiler/src	compiler/src/compiler/codegen/visit/call_emitter.cryo	832	23	ident	Pair	guess=1
compiler/src	compiler/src/compiler/codegen/visit/call_emitter.cryo	865	23	ident	Pair	guess=1
compiler/src	compiler/src/compiler/codegen/visit/decl_visit_emitter.cryo	334	24	ident	Pair	guess=1
compiler/src	compiler/src/compiler/codegen/visit/decl_visit_emitter.cryo	376	28	ident	Pair	guess=1
compiler/src	compiler/src/compiler/codegen/visit/ir_generator.cryo	987	45	member	parse_int	guess=0
compiler/src	compiler/src/compiler/codegen/visit/new_delete_emitter.cryo	327	32	ident	Pair	guess=1
compiler/src	compiler/src/compiler/codegen/visit/new_delete_emitter.cryo	330	36	ident	Pair	guess=1
compiler/src	compiler/src/compiler/codegen/visit/pattern_emitter.cryo	718	50	member	parse_int	guess=0
compiler/src	compiler/src/compiler/codegen/visit/place_emitter.cryo	547	36	member	parse_int	guess=0
compiler/src	compiler/src/compiler/compilation_context.cryo	255	50	ident	Box	guess=1
compiler/src	compiler/src/compiler/compilation_context.cryo	258	53	ident	Box	guess=1
compiler/src	compiler/src/compiler/compilation_context.cryo	259	53	ident	Box	guess=1
compiler/src	compiler/src/compiler/compilation_context.cryo	260	53	ident	Box	guess=1
compiler/src	compiler/src/compiler/compilation_context.cryo	261	53	ident	Box	guess=1
compiler/src	compiler/src/compiler/compilation_context.cryo	262	53	ident	Box	guess=1
compiler/src	compiler/src/compiler/compilation_context.cryo	263	53	ident	Box	guess=1
compiler/src	compiler/src/compiler/compilation_context.cryo	264	53	ident	Box	guess=1
compiler/src	compiler/src/compiler/compilation_context.cryo	676	48	ident	Box	guess=1
compiler/src	compiler/src/compiler/compilation_context.cryo	684	53	ident	Box	guess=1
compiler/src	compiler/src/compiler/compilation_context.cryo	692	48	ident	Box	guess=1
compiler/src	compiler/src/compiler/compilation_context.cryo	711	45	ident	Box	guess=1
compiler/src	compiler/src/compiler/const_table.cryo	128	33	ident	HashMap	guess=1
compiler/src	compiler/src/compiler/const_table.cryo	130	33	ident	HashMap	guess=1
compiler/src	compiler/src/compiler/decl_index.cryo	323	34	ident	HashMap	guess=1
compiler/src	compiler/src/compiler/decl_index.cryo	324	34	ident	HashMap	guess=1
compiler/src	compiler/src/compiler/decl_index.cryo	325	34	ident	HashMap	guess=1
compiler/src	compiler/src/compiler/decl_index.cryo	326	34	ident	HashMap	guess=1
compiler/src	compiler/src/compiler/decl_index.cryo	327	34	ident	HashMap	guess=1
compiler/src	compiler/src/compiler/decl_index.cryo	328	34	ident	HashMap	guess=1
compiler/src	compiler/src/compiler/decl_index.cryo	343	33	ident	HashMap	guess=1
compiler/src	compiler/src/compiler/decl_index.cryo	344	34	ident	HashMap	guess=1
compiler/src	compiler/src/compiler/decl_index.cryo	345	33	ident	HashMap	guess=1
compiler/src	compiler/src/compiler/decl_index.cryo	346	33	ident	HashMap	guess=1
compiler/src	compiler/src/compiler/decl_index.cryo	347	33	ident	HashMap	guess=1
compiler/src	compiler/src/compiler/decl_index.cryo	349	33	ident	HashMap	guess=1
compiler/src	compiler/src/compiler/decl_index.cryo	350	33	ident	HashMap	guess=1
compiler/src	compiler/src/compiler/decl_index.cryo	383	13	ident	Pair	guess=1
compiler/src	compiler/src/compiler/decl_index.cryo	548	49	ident	Pair	guess=1
compiler/src	compiler/src/compiler/decl_index.cryo	1086	29	ident	Pair	guess=1
compiler/src	compiler/src/compiler/deps/lockfile.cryo	121	27	member	as	guess=0
compiler/src	compiler/src/compiler/deps/lockfile.cryo	150	27	member	as	guess=0
compiler/src	compiler/src/compiler/deps/lockfile.cryo	211	38	ident	Array	guess=1
compiler/src	compiler/src/compiler/deps/lockfile.cryo	223	38	ident	Array	guess=1
compiler/src	compiler/src/compiler/diag/renderer.cryo	179	30	ident	HashMap	guess=1
compiler/src	compiler/src/compiler/diag/sink.cryo	60	32	ident	HashMap	guess=1
compiler/src	compiler/src/compiler/instance.cryo	606	51	ident	Box	guess=1
compiler/src	compiler/src/compiler/instance.cryo	949	51	ident	Box	guess=1
compiler/src	compiler/src/compiler/instance.cryo	1083	49	ident	Box	guess=1
compiler/src	compiler/src/compiler/instance.cryo	1697	14	scope	zero	guess=0
compiler/src	compiler/src/compiler/instance.cryo	3679	15	member	spawn	guess=0
compiler/src	compiler/src/compiler/module_graph.cryo	247	31	ident	HashMap	guess=1
compiler/src	compiler/src/compiler/module_loader.cryo	135	28	ident	HashMap	guess=1
compiler/src	compiler/src/compiler/module_loader.cryo	136	28	ident	HashMap	guess=1
compiler/src	compiler/src/compiler/mono/monomorphizer.cryo	141	36	ident	HashMap	guess=1
compiler/src	compiler/src/compiler/mono/state.cryo	173	31	ident	HashMap	guess=1
compiler/src	compiler/src/compiler/mono/state.cryo	174	33	ident	HashMap	guess=1
compiler/src	compiler/src/compiler/passes/dead_code.cryo	124	28	ident	HashMap	guess=1
compiler/src	compiler/src/compiler/passes/dead_code.cryo	125	28	ident	HashMap	guess=1
compiler/src	compiler/src/compiler/passes/move_check.cryo	235	26	ident	HashMap	guess=1
compiler/src	compiler/src/compiler/passes/move_check.cryo	257	28	ident	HashMap	guess=1
compiler/src	compiler/src/compiler/passes/specialization.cryo	278	51	ident	Box	guess=1
compiler/src	compiler/src/compiler/passes/type_resolution.cryo	1294	22	scope	copy	guess=0
compiler/src	compiler/src/compiler/passes/type_resolution.cryo	1364	34	scope	copy	guess=0
compiler/src	compiler/src/compiler/resolver/intern_table.cryo	40	22	ident	HashMap	guess=1
compiler/src	compiler/src/compiler/resolver/resolution_map.cryo	28	24	ident	HashMap	guess=1
compiler/src	compiler/src/compiler/resolver/resolution_map.cryo	29	24	ident	HashMap	guess=1
compiler/src	compiler/src/compiler/resolver/resolver.cryo	115	35	ident	HashMap	guess=1
compiler/src	compiler/src/compiler/resolver/resolver.cryo	450	27	ident	Pair	guess=1
compiler/src	compiler/src/compiler/resolver/scope.cryo	180	33	ident	HashMap	guess=1
compiler/src	compiler/src/compiler/resolver/scope.cryo	340	29	ident	Pair	guess=1
compiler/src	compiler/src/compiler/sema/call_resolver.cryo	2833	46	ident	Slice	guess=1
compiler/src	compiler/src/compiler/sema/lambda_synth.cryo	164	55	ident	HashMap	guess=1
compiler/src	compiler/src/compiler/sema/lambda_synth.cryo	180	37	ident	HashMap	guess=1
compiler/src	compiler/src/compiler/sema/lambda_synth.cryo	181	37	ident	HashMap	guess=1
compiler/src	compiler/src/compiler/sema/lambda_synth.cryo	182	37	ident	HashMap	guess=1
compiler/src	compiler/src/compiler/sema/sema.cryo	290	42	ident	Box	guess=1
compiler/src	compiler/src/compiler/sema/sema.cryo	897	37	ident	HashMap	guess=1
compiler/src	compiler/src/compiler/sema/sema.cryo	898	37	ident	HashMap	guess=1
compiler/src	compiler/src/compiler/sema/sema.cryo	899	37	ident	HashMap	guess=1
compiler/src	compiler/src/compiler/sema/sema.cryo	916	42	ident	HashMap	guess=1
compiler/src	compiler/src/compiler/sema/sema.cryo	3915	42	ident	Box	guess=1
compiler/src	compiler/src/compiler/sema/state.cryo	171	29	ident	HashMap	guess=1
compiler/src	compiler/src/compiler/sema/state.cryo	172	29	ident	HashMap	guess=1
compiler/src	compiler/src/compiler/sema/state.cryo	173	29	ident	HashMap	guess=1
compiler/src	compiler/src/compiler/sema/state.cryo	192	34	ident	HashMap	guess=1
compiler/src	compiler/src/compiler/sema/state.cryo	195	31	ident	HashMap	guess=1
compiler/src	compiler/src/compiler/types/arena.cryo	194	34	ident	HashMap	guess=1
compiler/src	compiler/src/compiler/types/arena.cryo	195	34	ident	HashMap	guess=1
compiler/src	compiler/src/compiler/types/arena.cryo	196	34	ident	HashMap	guess=1
compiler/src	compiler/src/compiler/types/arena.cryo	197	34	ident	HashMap	guess=1
compiler/src	compiler/src/compiler/types/arena.cryo	198	34	ident	HashMap	guess=1
compiler/src	compiler/src/compiler/types/arena.cryo	199	34	ident	HashMap	guess=1
compiler/src	compiler/src/compiler/types/arena.cryo	200	34	ident	HashMap	guess=1
compiler/src	compiler/src/compiler/types/arena.cryo	201	34	ident	HashMap	guess=1
compiler/src	compiler/src/compiler/types/arena.cryo	202	34	ident	HashMap	guess=1
compiler/src	compiler/src/compiler/types/generic_registry.cryo	373	32	ident	HashMap	guess=1
compiler/src	compiler/src/compiler/types/generic_registry.cryo	374	32	ident	HashMap	guess=1
compiler/src	compiler/src/compiler/types/generic_registry.cryo	377	32	ident	HashMap	guess=1
compiler/src	compiler/src/compiler/types/generic_registry.cryo	378	32	ident	HashMap	guess=1
compiler/src	compiler/src/compiler/types/generic_registry.cryo	381	32	ident	HashMap	guess=1
compiler/src	compiler/src/compiler/types/generic_registry.cryo	383	32	ident	HashMap	guess=1
compiler/src	compiler/src/compiler/types/generic_registry.cryo	384	32	ident	HashMap	guess=1
compiler/src	compiler/src/compiler/types/generic_registry.cryo	387	35	ident	HashMap	guess=1
compiler/src	compiler/src/compiler/types/generic_registry.cryo	392	30	ident	HashMap	guess=1
compiler/src	compiler/src/compiler/types/generic_registry.cryo	1452	26	ident	Pair	guess=1
compiler/src	compiler/src/compiler/types/resolver.cryo	150	34	ident	Pair	guess=1
compiler/src	compiler/src/compiler/vendor/registry.cryo	297	38	ident	Array	guess=1
compiler/src	compiler/src/compiler/vendor/registry.cryo	414	27	member	as	guess=0
compiler/src	compiler/src/compiler/vendor/registry.cryo	432	39	member	as	guess=0
compiler/src	compiler/src/compiler/vendor/registry.cryo	526	39	ident	Array	guess=1
examples	examples/09-json-config/src/main.cryo	111	30	member	as	guess=0
examples	examples/09-json-config/src/main.cryo	137	44	member	as	guess=0
examples	examples/14-threads/src/main.cryo	68	48	scope	spawn	guess=0
examples	examples/14-threads/src/main.cryo	75	17	scope	spawn	guess=0
examples	examples/14-threads/src/main.cryo	83	41	scope	channel	guess=0
examples	examples/14-threads/src/main.cryo	85	49	scope	spawn	guess=0
examples	examples/14-threads/src/main.cryo	100	31	ident	Atomic	guess=1
examples	examples/14-threads/src/main.cryo	106	15	member	spawn	guess=0
stdlib	stdlib/alloc/arc.cryo	81	36	scope	of	guess=0
stdlib	stdlib/alloc/arc.cryo	94	9	ident	free_arc_inner	guess=0
stdlib	stdlib/alloc/arc.cryo	129	40	scope	of	guess=0
stdlib	stdlib/alloc/arc.cryo	131	62	member	cast	guess=0
stdlib	stdlib/alloc/arc.cryo	133	28	ident	Atomic	guess=1
stdlib	stdlib/alloc/arc.cryo	134	28	ident	Atomic	guess=1
stdlib	stdlib/alloc/arc.cryo	137	27	ident	Arc	guess=0
stdlib	stdlib/alloc/arc.cryo	145	40	scope	of	guess=0
stdlib	stdlib/alloc/arc.cryo	147	52	member	cast	guess=0
stdlib	stdlib/alloc/arc.cryo	149	28	ident	Atomic	guess=1
stdlib	stdlib/alloc/arc.cryo	150	28	ident	Atomic	guess=1
stdlib	stdlib/alloc/arc.cryo	153	27	ident	Arc	guess=0
stdlib	stdlib/alloc/arc.cryo	165	16	ident	Arc	guess=0
stdlib	stdlib/alloc/arc.cryo	174	16	ident	Weak	guess=0
stdlib	stdlib/alloc/arc.cryo	238	16	ident	Arc	guess=0
stdlib	stdlib/alloc/arc.cryo	272	16	ident	Weak	guess=0
stdlib	stdlib/alloc/arc.cryo	292	62	ident	Arc	guess=0
stdlib	stdlib/alloc/arc.cryo	304	16	ident	Weak	guess=0
stdlib	stdlib/alloc/arc.cryo	339	13	ident	release_weak	guess=0
stdlib	stdlib/alloc/arc.cryo	354	9	ident	release_weak	guess=0
stdlib	stdlib/alloc/box.cryo	73	39	scope	of	guess=0
stdlib	stdlib/alloc/box.cryo	75	39	member	cast	guess=0
stdlib	stdlib/alloc/box.cryo	78	27	ident	Box	guess=0
stdlib	stdlib/alloc/box.cryo	86	39	scope	of	guess=0
stdlib	stdlib/alloc/box.cryo	88	39	member	cast	guess=0
stdlib	stdlib/alloc/box.cryo	91	27	ident	Box	guess=0
stdlib	stdlib/alloc/box.cryo	105	16	ident	Box	guess=0
stdlib	stdlib/alloc/box.cryo	178	39	scope	of	guess=0
stdlib	stdlib/alloc/rc.cryo	73	36	scope	of	guess=0
stdlib	stdlib/alloc/rc.cryo	114	40	scope	of	guess=0
stdlib	stdlib/alloc/rc.cryo	116	61	member	cast	guess=0
stdlib	stdlib/alloc/rc.cryo	122	27	ident	Rc	guess=0
stdlib	stdlib/alloc/rc.cryo	130	40	scope	of	guess=0
stdlib	stdlib/alloc/rc.cryo	132	51	member	cast	guess=0
stdlib	stdlib/alloc/rc.cryo	138	27	ident	Rc	guess=0
stdlib	stdlib/alloc/rc.cryo	147	16	ident	Rc	guess=0
stdlib	stdlib/alloc/rc.cryo	155	16	ident	Weak	guess=0
stdlib	stdlib/alloc/rc.cryo	212	16	ident	Weak	guess=0
stdlib	stdlib/alloc/rc.cryo	224	29	ident	Rc	guess=0
stdlib	stdlib/alloc/rc.cryo	233	16	ident	Weak	guess=0
stdlib	stdlib/alloc/rc.cryo	266	17	ident	free_rc_inner	guess=0
stdlib	stdlib/alloc/rc.cryo	286	13	ident	free_rc_inner	guess=0
stdlib	stdlib/collections/array.cryo	64	16	ident	Array	guess=0
stdlib	stdlib/collections/array.cryo	74	16	ident	Array	guess=0
stdlib	stdlib/collections/array.cryo	103	34	ident	Array	guess=0
stdlib	stdlib/collections/array.cryo	170	16	ident	SliceIter	guess=1
stdlib	stdlib/collections/array.cryo	180	16	ident	RefIter	guess=0
stdlib	stdlib/collections/array.cryo	400	9	ident	sort_range	guess=0
stdlib	stdlib/collections/array.cryo	417	9	ident	sort_range_by	guess=0
stdlib	stdlib/collections/array.cryo	505	54	scope	array	guess=0
stdlib	stdlib/collections/array.cryo	522	54	scope	array	guess=0
stdlib	stdlib/collections/array.cryo	537	29	scope	array	guess=0
stdlib	stdlib/collections/array.cryo	563	24	scope	try_array	guess=0
stdlib	stdlib/collections/array.cryo	567	58	scope	of	guess=0
stdlib	stdlib/collections/array.cryo	576	44	scope	array	guess=0
stdlib	stdlib/collections/array.cryo	605	25	scope	array	guess=0
stdlib	stdlib/collections/array.cryo	629	25	ident	Array	guess=0
stdlib	stdlib/collections/array.cryo	656	9	ident	sort_insertion	guess=0
stdlib	stdlib/collections/array.cryo	659	28	ident	sort_partition	guess=0
stdlib	stdlib/collections/array.cryo	660	5	ident	sort_range	guess=0
stdlib	stdlib/collections/array.cryo	661	5	ident	sort_range	guess=0
stdlib	stdlib/collections/array.cryo	673	26	scope	swap	guess=0
stdlib	stdlib/collections/array.cryo	690	5	ident	sort_order_pair	guess=0
stdlib	stdlib/collections/array.cryo	691	5	ident	sort_order_pair	guess=0
stdlib	stdlib/collections/array.cryo	692	5	ident	sort_order_pair	guess=0
stdlib	stdlib/collections/array.cryo	695	10	scope	swap	guess=0
stdlib	stdlib/collections/array.cryo	704	22	scope	swap	guess=0
stdlib	stdlib/collections/array.cryo	713	10	scope	swap	guess=0
stdlib	stdlib/collections/array.cryo	722	18	scope	swap	guess=0
stdlib	stdlib/collections/array.cryo	739	9	ident	sort_insertion_by	guess=0
stdlib	stdlib/collections/array.cryo	742	28	ident	sort_partition_by	guess=0
stdlib	stdlib/collections/array.cryo	743	5	ident	sort_range_by	guess=0
stdlib	stdlib/collections/array.cryo	744	5	ident	sort_range_by	guess=0
stdlib	stdlib/collections/array.cryo	754	22	scope	swap	guess=0
stdlib	stdlib/collections/array.cryo	768	5	ident	sort_order_pair_by	guess=0
stdlib	stdlib/collections/array.cryo	769	5	ident	sort_order_pair_by	guess=0
stdlib	stdlib/collections/array.cryo	770	5	ident	sort_order_pair_by	guess=0
stdlib	stdlib/collections/array.cryo	771	10	scope	swap	guess=0
stdlib	stdlib/collections/array.cryo	777	18	scope	swap	guess=0
stdlib	stdlib/collections/array.cryo	783	10	scope	swap	guess=0
stdlib	stdlib/collections/array.cryo	791	14	scope	swap	guess=0
stdlib	stdlib/collections/array.cryo	802	29	ident	Array	guess=0
stdlib	stdlib/collections/array.cryo	816	16	ident	Array	guess=0
stdlib	stdlib/collections/array.cryo	880	16	ident	CopiedIter	guess=0
stdlib	stdlib/collections/array.cryo	888	16	ident	ClonedIter	guess=0
stdlib	stdlib/collections/array.cryo	917	16	ident	CopiedIter	guess=0
stdlib	stdlib/collections/array.cryo	942	16	ident	ClonedIter	guess=0
stdlib	stdlib/collections/hashmap.cryo	115	16	ident	HashMap	guess=0
stdlib	stdlib/collections/hashmap.cryo	125	16	ident	HashMap	guess=0
stdlib	stdlib/collections/hashmap.cryo	139	16	ident	HashMap	guess=0
stdlib	stdlib/collections/hashmap.cryo	150	16	ident	HashMap	guess=0
stdlib	stdlib/collections/hashmap.cryo	212	16	ident	HashMapIter	guess=0
stdlib	stdlib/collections/hashmap.cryo	225	16	ident	KeysIter	guess=0
stdlib	stdlib/collections/hashmap.cryo	237	16	ident	ValuesIter	guess=0
stdlib	stdlib/collections/hashmap.cryo	253	16	ident	EntriesRefIter	guess=0
stdlib	stdlib/collections/hashmap.cryo	266	16	ident	KeysRefIter	guess=0
stdlib	stdlib/collections/hashmap.cryo	279	16	ident	ValuesRefIter	guess=0
stdlib	stdlib/collections/hashmap.cryo	531	24	scope	try_array	guess=0
stdlib	stdlib/collections/hashmap.cryo	535	58	scope	of	guess=0
stdlib	stdlib/collections/hashmap.cryo	565	25	scope	array	guess=0
stdlib	stdlib/collections/hashmap.cryo	608	37	ident	Pair	guess=1
stdlib	stdlib/collections/hashmap.cryo	705	37	ident	Pair	guess=1
stdlib	stdlib/collections/hashmap.cryo	831	35	scope	of	guess=0
stdlib	stdlib/collections/hashmap.cryo	843	35	scope	of	guess=0
stdlib	stdlib/collections/hashmap.cryo	859	25	scope	array	guess=0
stdlib	stdlib/collections/hashmap.cryo	873	34	ident	HashMap	guess=0
stdlib	stdlib/collections/hashset.cryo	37	16	ident	HashSet	guess=0
stdlib	stdlib/collections/hashset.cryo	41	16	ident	HashSet	guess=0
stdlib	stdlib/collections/hashset.cryo	45	16	ident	HashSet	guess=0
stdlib	stdlib/collections/hashset.cryo	52	16	ident	HashSet	guess=0
stdlib	stdlib/collections/hashset.cryo	108	16	ident	HashSetIter	guess=0
stdlib	stdlib/collections/hashset.cryo	117	16	ident	HashSetRefIter	guess=0
stdlib	stdlib/collections/pair.cryo	40	16	ident	Pair	guess=0
stdlib	stdlib/collections/pair.cryo	50	16	ident	Pair	guess=0
stdlib	stdlib/collections/raw_buffer.cryo	41	16	ident	RawBuffer	guess=0
stdlib	stdlib/collections/raw_buffer.cryo	51	16	ident	RawBuffer	guess=0
stdlib	stdlib/collections/raw_buffer.cryo	88	54	scope	array	guess=0
stdlib	stdlib/collections/raw_buffer.cryo	107	54	scope	array	guess=0
stdlib	stdlib/collections/raw_buffer.cryo	124	29	scope	array	guess=0
stdlib	stdlib/collections/raw_buffer.cryo	147	24	scope	try_array	guess=0
stdlib	stdlib/collections/raw_buffer.cryo	151	58	scope	of	guess=0
stdlib	stdlib/collections/raw_buffer.cryo	160	44	scope	array	guess=0
stdlib	stdlib/collections/raw_buffer.cryo	182	25	scope	array	guess=0
stdlib	stdlib/collections/str.cryo	380	16	ident	Pair	guess=1
stdlib	stdlib/collections/str.cryo	397	16	ident	Pair	guess=1
stdlib	stdlib/collections/str.cryo	402	16	ident	Pair	guess=1
stdlib	stdlib/collections/str.cryo	409	20	ident	Pair	guess=1
stdlib	stdlib/collections/str.cryo	418	16	ident	Pair	guess=1
stdlib	stdlib/collections/str.cryo	421	16	ident	Pair	guess=1
stdlib	stdlib/collections/str.cryo	424	16	ident	Pair	guess=1
stdlib	stdlib/collections/str.cryo	427	12	ident	Pair	guess=1
stdlib	stdlib/collections/str.cryo	467	29	ident	Pair	guess=1
stdlib	stdlib/collections/string.cryo	59	16	ident	String	guess=0
stdlib	stdlib/collections/string.cryo	77	33	ident	String	guess=0
stdlib	stdlib/core/cmp.cryo	108	21	scope	transmute	guess=0
stdlib	stdlib/core/cmp.cryo	108	55	scope	transmute	guess=0
stdlib	stdlib/core/cmp.cryo	113	21	scope	transmute	guess=0
stdlib	stdlib/core/cmp.cryo	113	55	scope	transmute	guess=0
stdlib	stdlib/core/cmp.cryo	262	30	scope	transmute	guess=0
stdlib	stdlib/core/cmp.cryo	263	31	scope	transmute	guess=0
stdlib	stdlib/core/cmp.cryo	273	30	scope	transmute	guess=0
stdlib	stdlib/core/cmp.cryo	274	31	scope	transmute	guess=0
stdlib	stdlib/core/hash.cryo	87	44	scope	transmute	guess=0
stdlib	stdlib/core/hash.cryo	93	45	scope	transmute	guess=0
stdlib	stdlib/core/iter.cryo	216	16	ident	TakeIter	guess=0
stdlib	stdlib/core/iter.cryo	239	16	ident	SkipIter	guess=0
stdlib	stdlib/core/iter.cryo	275	16	ident	MapIter	guess=0
stdlib	stdlib/core/iter.cryo	295	16	ident	FilterIter	guess=0
stdlib	stdlib/core/iter.cryo	324	16	ident	ChainIter	guess=0
stdlib	stdlib/core/iter.cryo	349	16	ident	EnumerateIter	guess=0
stdlib	stdlib/core/iter.cryo	360	37	ident	Pair	guess=1
stdlib	stdlib/core/iter.cryo	376	16	ident	ZipIter	guess=0
stdlib	stdlib/core/iter.cryo	387	45	ident	Pair	guess=1
stdlib	stdlib/core/ops.cryo	112	16	ident	Range	guess=0
stdlib	stdlib/core/ops.cryo	138	16	ident	RangeInclusive	guess=0
stdlib	stdlib/core/panic_unwind.cryo	95	28	ident	CatchCtx	guess=0
stdlib	stdlib/core/panic_unwind.cryo	96	34	ident	run_catch_body	guess=0
stdlib	stdlib/core/ptr.cryo	20	16	ident	NonNull	guess=0
stdlib	stdlib/core/ptr.cryo	30	16	ident	NonNull	guess=0
stdlib	stdlib/core/ptr.cryo	37	16	ident	NonNull	guess=0
stdlib	stdlib/core/slice.cryo	25	16	ident	Slice	guess=0
stdlib	stdlib/core/slice.cryo	68	16	ident	Slice	guess=0
stdlib	stdlib/core/slice.cryo	78	16	ident	SliceIter	guess=0
stdlib	stdlib/encoding/base64.cryo	62	26	ident	Array	guess=1
stdlib	stdlib/encoding/sha1.cryo	33	26	ident	Array	guess=1
stdlib	stdlib/env/_module.cryo	117	18	ident	Pair	guess=1
stdlib	stdlib/fmt/display.cryo	68	16	ident	Formatter	guess=0
stdlib	stdlib/fmt/interp.cryo	117	20	ident	fmt_display_body	guess=1
stdlib	stdlib/fmt/spec.cryo	246	16	ident	format_to_string	guess=1
stdlib	stdlib/fmt/spec.cryo	261	12	ident	format_to_string	guess=1
stdlib	stdlib/fs/file.cryo	269	20	ident	Slice	guess=1
stdlib	stdlib/fs/file.cryo	315	19	ident	Slice	guess=1
stdlib	stdlib/future/blocking.cryo	126	23	ident	Atomic	guess=1
stdlib	stdlib/future/blocking.cryo	127	23	ident	Atomic	guess=1
stdlib	stdlib/future/blocking.cryo	243	39	scope	of	guess=0
stdlib	stdlib/future/blocking.cryo	244	42	member	cast	guess=0
stdlib	stdlib/future/blocking.cryo	259	39	scope	array	guess=0
stdlib	stdlib/future/blocking.cryo	260	47	member	cast	guess=0
stdlib	stdlib/future/blocking.cryo	314	67	scope	array	guess=0
stdlib	stdlib/future/blocking.cryo	317	58	scope	of	guess=0
stdlib	stdlib/future/combinator.cryo	280	16	ident	Join	guess=0
stdlib	stdlib/future/combinator.cryo	292	16	ident	TryJoin	guess=0
stdlib	stdlib/future/combinator.cryo	303	16	ident	Select	guess=0
stdlib	stdlib/future/combinator.cryo	309	16	ident	Timeout	guess=0
stdlib	stdlib/future/combinator.cryo	315	16	ident	Timeout	guess=0
stdlib	stdlib/future/executor.cryo	210	59	scope	of	guess=0
stdlib	stdlib/future/executor.cryo	251	25	ident	Atomic	guess=1
stdlib	stdlib/future/executor.cryo	434	5	ident	Arc	guess=1
stdlib	stdlib/future/executor.cryo	442	5	ident	Arc	guess=1
stdlib	stdlib/future/executor.cryo	579	53	scope	of	guess=0
stdlib	stdlib/future/executor.cryo	594	56	scope	of	guess=0
stdlib	stdlib/future/executor.cryo	696	35	scope	of	guess=0
stdlib	stdlib/future/executor.cryo	697	39	member	cast	guess=0
stdlib	stdlib/future/executor.cryo	700	22	ident	Atomic	guess=1
stdlib	stdlib/future/executor.cryo	701	22	ident	Atomic	guess=1
stdlib	stdlib/future/executor.cryo	702	22	ident	Atomic	guess=1
stdlib	stdlib/future/executor.cryo	706	35	scope	of	guess=0
stdlib	stdlib/future/executor.cryo	707	41	member	cast	guess=0
stdlib	stdlib/future/executor.cryo	709	63	scope	of	guess=0
stdlib	stdlib/future/executor.cryo	726	32	ident	task_poll_thunk	guess=0
stdlib	stdlib/future/executor.cryo	726	55	ident	task_drop_thunk	guess=0
stdlib	stdlib/future/executor.cryo	727	32	ident	dispose_shared_thunk	guess=0
stdlib	stdlib/future/executor.cryo	737	63	scope	of	guess=0
stdlib	stdlib/future/executor.cryo	742	12	ident	JoinHandle	guess=0
stdlib	stdlib/future/executor.cryo	784	67	scope	of	guess=0
stdlib	stdlib/future/executor.cryo	789	67	scope	of	guess=0
stdlib	stdlib/future/executor.cryo	792	63	scope	of	guess=0
stdlib	stdlib/future/executor.cryo	801	9	ident	detach_shared	guess=0
stdlib	stdlib/future/executor.cryo	826	9	ident	detach_shared	guess=0
stdlib	stdlib/future/executor.cryo	866	39	scope	of	guess=0
stdlib	stdlib/future/executor.cryo	867	46	member	cast	guess=0
stdlib	stdlib/future/executor.cryo	899	16	ident	spawn_on	guess=0
stdlib	stdlib/future/executor.cryo	906	32	ident	spawn_on	guess=0
stdlib	stdlib/future/executor.cryo	915	32	ident	spawn_on	guess=0
stdlib	stdlib/future/executor.cryo	982	62	scope	of	guess=0
stdlib	stdlib/future/reactor.cryo	165	39	scope	of	guess=0
stdlib	stdlib/future/reactor.cryo	166	43	member	cast	guess=0
stdlib	stdlib/future/reactor.cryo	176	23	ident	Atomic	guess=1
stdlib	stdlib/future/reactor.cryo	234	62	scope	of	guess=0
stdlib	stdlib/future/reactor.cryo	246	59	scope	of	guess=0
stdlib	stdlib/future/reactor.cryo	377	39	scope	of	guess=0
stdlib	stdlib/future/reactor.cryo	378	42	member	cast	guess=0
stdlib	stdlib/future/reactor.cryo	427	66	scope	of	guess=0
stdlib	stdlib/future/reactor.cryo	472	68	scope	of	guess=0
stdlib	stdlib/future/reactor.cryo	525	39	scope	of	guess=0
stdlib	stdlib/future/reactor.cryo	526	44	member	cast	guess=0
stdlib	stdlib/future/reactor.cryo	565	60	scope	of	guess=0
stdlib	stdlib/future/reactor.cryo	943	55	scope	of	guess=0
stdlib	stdlib/future/reactor.cryo	967	35	scope	of	guess=0
stdlib	stdlib/future/reactor.cryo	968	39	member	cast	guess=0
stdlib	stdlib/future/reactor.cryo	971	10	scope	zero	guess=0
stdlib	stdlib/future/ready.cryo	22	16	ident	Ready	guess=0
stdlib	stdlib/future/ready.cryo	43	16	ident	PendingThenReady	guess=0
stdlib	stdlib/io/buf.cryo	92	43	scope	array	guess=0
stdlib	stdlib/io/buf.cryo	99	16	ident	BufWriter	guess=0
stdlib	stdlib/io/buf.cryo	212	16	ident	LineWriter	guess=0
stdlib	stdlib/io/buf.cryo	283	25	scope	array	guess=0
stdlib	stdlib/io/buf.cryo	324	39	scope	array	guess=0
stdlib	stdlib/io/buf.cryo	330	16	ident	BufReader	guess=0
stdlib	stdlib/io/buf.cryo	449	25	scope	array	guess=0
stdlib	stdlib/io/buf.cryo	500	16	ident	BufStream	guess=0
stdlib	stdlib/io/buf.cryo	502	22	ident	Array	guess=1
stdlib	stdlib/io/buf.cryo	504	22	ident	Array	guess=1
stdlib	stdlib/io/buf.cryo	505	22	ident	Array	guess=1
stdlib	stdlib/io/buf.cryo	546	29	ident	Array	guess=1
stdlib	stdlib/io/buf.cryo	547	14	scope	swap	guess=0
stdlib	stdlib/io/buf.cryo	572	14	scope	swap	guess=0
stdlib	stdlib/io/buf.cryo	579	16	ident	Slice	guess=1
stdlib	stdlib/io/buf.cryo	595	34	ident	Array	guess=1
stdlib	stdlib/io/buf.cryo	596	18	scope	swap	guess=0
stdlib	stdlib/io/buf.cryo	617	35	ident	Array	guess=1
stdlib	stdlib/io/buf.cryo	629	18	scope	swap	guess=0
stdlib	stdlib/io/cursor.cryo	47	33	ident	Array	guess=1
stdlib	stdlib/io/cursor.cryo	79	30	ident	Array	guess=1
stdlib	stdlib/io/traits.cryo	220	43	ident	Slice	guess=1
stdlib	stdlib/io/traits.cryo	328	28	ident	Slice	guess=1
stdlib	stdlib/io/traits.cryo	487	30	ident	Array	guess=1
stdlib	stdlib/io/traits.cryo	529	35	ident	Array	guess=1
stdlib	stdlib/io/traits.cryo	642	28	ident	Slice	guess=1
stdlib	stdlib/io/traits.cryo	657	14	member	queue	guess=0
stdlib	stdlib/io/traits.cryo	681	30	ident	Array	guess=1
stdlib	stdlib/io/traits.cryo	682	14	scope	swap	guess=0
stdlib	stdlib/json/parser.cryo	538	37	ident	Array	guess=1
stdlib	stdlib/json/value.cryo	111	21	ident	Array	guess=1
stdlib	stdlib/json/value.cryo	112	21	ident	Array	guess=1
stdlib	stdlib/json/value.cryo	113	21	ident	HashMap	guess=1
stdlib	stdlib/json/value.cryo	119	21	ident	Array	guess=1
stdlib	stdlib/json/value.cryo	120	21	ident	Array	guess=1
stdlib	stdlib/json/value.cryo	121	21	ident	HashMap	guess=1
stdlib	stdlib/json/value.cryo	257	37	ident	Array	guess=1
stdlib	stdlib/json/value.cryo	265	33	ident	Array	guess=1
stdlib	stdlib/math/_module.cryo	291	18	scope	transmute	guess=0
stdlib	stdlib/net/dns.cryo	141	32	ident	Array	guess=1
stdlib	stdlib/net/dns.cryo	177	34	ident	Array	guess=1
stdlib	stdlib/net/dns.cryo	251	49	scope	of	guess=0
stdlib	stdlib/net/dns.cryo	305	43	scope	of	guess=0
stdlib	stdlib/net/dns.cryo	306	46	member	cast	guess=0
stdlib	stdlib/net/dns.cryo	343	67	ident	Array	guess=1
stdlib	stdlib/net/dns.cryo	344	22	scope	swap	guess=0
stdlib	stdlib/net/http/client.cryo	101	35	ident	BufStream	guess=1
stdlib	stdlib/net/http/response.cryo	168	32	ident	Slice	guess=1
stdlib	stdlib/net/http/server.cryo	203	49	ident	BufStream	guess=1
stdlib	stdlib/net/http2/client.cryo	50	33	ident	Http2Connection	guess=1
stdlib	stdlib/net/http2/client.cryo	88	9	ident	Http2Connection	guess=1
stdlib	stdlib/net/http2/client.cryo	88	48	ident	BufStream	guess=1
stdlib	stdlib/net/http2/connection.cryo	139	16	ident	Http2Connection	guess=0
stdlib	stdlib/net/http2/connection.cryo	155	16	ident	Http2Connection	guess=0
stdlib	stdlib/net/http2/connection.cryo	237	34	ident	Array	guess=1
stdlib	stdlib/net/http2/connection.cryo	446	32	ident	Array	guess=1
stdlib	stdlib/net/http2/connection.cryo	453	37	ident	Array	guess=1
stdlib	stdlib/net/http2/connection.cryo	454	14	scope	swap	guess=0
stdlib	stdlib/net/http2/connection.cryo	473	32	ident	Array	guess=1
stdlib	stdlib/net/http2/connection.cryo	474	31	ident	Array	guess=1
stdlib	stdlib/net/http2/connection.cryo	550	26	scope	swap	guess=0
stdlib	stdlib/net/http2/connection.cryo	563	32	ident	Array	guess=1
stdlib	stdlib/net/http2/connection.cryo	564	31	ident	Array	guess=1
stdlib	stdlib/net/http2/connection.cryo	644	32	ident	Array	guess=1
stdlib	stdlib/net/http2/connection.cryo	650	37	ident	Array	guess=1
stdlib	stdlib/net/http2/connection.cryo	651	14	scope	swap	guess=0
stdlib	stdlib/net/http2/hpack.cryo	89	23	ident	Array	guess=1
stdlib	stdlib/net/http2/hpack.cryo	319	39	ident	Array	guess=1
stdlib	stdlib/net/http2/huffman.cryo	133	26	ident	Array	guess=1
stdlib	stdlib/net/http2/huffman.cryo	168	19	ident	Array	guess=1
stdlib	stdlib/net/http2/huffman.cryo	169	19	ident	Array	guess=1
stdlib	stdlib/net/http2/huffman.cryo	170	19	ident	Array	guess=1
stdlib	stdlib/net/http2/huffman.cryo	228	26	ident	Array	guess=1
stdlib	stdlib/net/http2/server.cryo	49	33	ident	Http2Connection	guess=1
stdlib	stdlib/net/http2/server.cryo	76	13	ident	Http2Connection	guess=1
stdlib	stdlib/net/http2/server.cryo	76	52	ident	BufStream	guess=1
stdlib	stdlib/net/http2/server.cryo	87	17	ident	Http2Connection	guess=1
stdlib	stdlib/net/http2/server.cryo	87	56	ident	BufStream	guess=1
stdlib	stdlib/net/http2/server.cryo	101	14	scope	swap	guess=0
stdlib	stdlib/net/http2/server.cryo	109	14	scope	swap	guess=0
stdlib	stdlib/net/https.cryo	127	39	ident	BufStream	guess=1
stdlib	stdlib/net/socket/tcp.cryo	246	14	scope	swap	guess=0
stdlib	stdlib/net/socket/tcp.cryo	255	30	ident	Array	guess=1
stdlib	stdlib/net/socket/tcp.cryo	256	14	scope	swap	guess=0
stdlib	stdlib/net/socket/tcp.cryo	276	14	scope	swap	guess=0
stdlib	stdlib/net/socket/tcp.cryo	283	14	scope	swap	guess=0
stdlib	stdlib/net/socket/tcp.cryo	329	14	scope	swap	guess=0
stdlib	stdlib/net/socket/tcp.cryo	330	28	ident	Array	guess=1
stdlib	stdlib/net/socket/tcp.cryo	331	14	scope	swap	guess=0
stdlib	stdlib/net/socket/tcp.cryo	396	14	scope	swap	guess=0
stdlib	stdlib/net/socket/tcp.cryo	397	28	ident	Array	guess=1
stdlib	stdlib/net/socket/tcp.cryo	398	14	scope	swap	guess=0
stdlib	stdlib/net/socket/tcp.cryo	453	14	scope	swap	guess=0
stdlib	stdlib/net/socket/tcp.cryo	605	14	scope	swap	guess=0
stdlib	stdlib/net/socket/tcp.cryo	612	14	scope	swap	guess=0
stdlib	stdlib/net/socket/tcp.cryo	619	14	scope	swap	guess=0
stdlib	stdlib/net/socket/tcp.cryo	624	14	scope	swap	guess=0
stdlib	stdlib/net/socket/udp.cryo	196	14	scope	swap	guess=0
stdlib	stdlib/net/socket/udp.cryo	204	30	ident	Array	guess=1
stdlib	stdlib/net/socket/udp.cryo	205	14	scope	swap	guess=0
stdlib	stdlib/net/socket/udp.cryo	226	14	scope	swap	guess=0
stdlib	stdlib/net/socket/udp.cryo	231	30	ident	Array	guess=1
stdlib	stdlib/net/socket/udp.cryo	232	14	scope	swap	guess=0
stdlib	stdlib/net/socket/udp.cryo	269	14	scope	swap	guess=0
stdlib	stdlib/net/socket/udp.cryo	270	28	ident	Array	guess=1
stdlib	stdlib/net/socket/udp.cryo	271	14	scope	swap	guess=0
stdlib	stdlib/net/socket/udp.cryo	342	14	scope	swap	guess=0
stdlib	stdlib/net/socket/udp.cryo	343	28	ident	Array	guess=1
stdlib	stdlib/net/socket/udp.cryo	344	14	scope	swap	guess=0
stdlib	stdlib/net/socket/udp.cryo	410	14	scope	swap	guess=0
stdlib	stdlib/net/socket/udp.cryo	411	28	ident	Array	guess=1
stdlib	stdlib/net/socket/udp.cryo	412	14	scope	swap	guess=0
stdlib	stdlib/net/socket/udp.cryo	480	14	scope	swap	guess=0
stdlib	stdlib/net/socket/udp.cryo	481	28	ident	Array	guess=1
stdlib	stdlib/net/socket/udp.cryo	482	14	scope	swap	guess=0
stdlib	stdlib/net/tls/future.cryo	76	14	scope	swap	guess=0
stdlib	stdlib/net/tls/future.cryo	84	30	ident	Array	guess=1
stdlib	stdlib/net/tls/future.cryo	85	14	scope	swap	guess=0
stdlib	stdlib/net/tls/future.cryo	118	14	scope	swap	guess=0
stdlib	stdlib/net/tls/future.cryo	203	14	scope	swap	guess=0
stdlib	stdlib/net/tls/future.cryo	204	28	ident	Array	guess=1
stdlib	stdlib/net/tls/future.cryo	205	14	scope	swap	guess=0
stdlib	stdlib/net/tls/future.cryo	267	14	scope	swap	guess=0
stdlib	stdlib/net/tls/future.cryo	268	28	ident	Array	guess=1
stdlib	stdlib/net/tls/future.cryo	269	14	scope	swap	guess=0
stdlib	stdlib/net/tls/future.cryo	328	14	scope	swap	guess=0
stdlib	stdlib/net/tls/future.cryo	335	14	scope	swap	guess=0
stdlib	stdlib/net/tls/future.cryo	342	14	scope	swap	guess=0
stdlib	stdlib/net/tls/future.cryo	347	14	scope	swap	guess=0
stdlib	stdlib/net/ws/conn.cryo	84	16	ident	WebSocket	guess=0
stdlib	stdlib/net/ws/conn.cryo	207	34	ident	Array	guess=1
stdlib	stdlib/net/ws/conn.cryo	224	30	ident	Array	guess=1
stdlib	stdlib/net/ws/conn.cryo	313	9	ident	WebSocket	guess=0
stdlib	stdlib/net/ws/conn.cryo	313	34	ident	BufStream	guess=1
stdlib	stdlib/net/ws/conn.cryo	322	9	ident	WebSocket	guess=0
stdlib	stdlib/net/ws/conn.cryo	322	34	ident	BufStream	guess=1
stdlib	stdlib/net/ws/handshake.cryo	38	26	ident	Array	guess=1
stdlib	stdlib/process/child.cryo	520	49	scope	of	guess=0
stdlib	stdlib/process/child.cryo	683	43	scope	of	guess=0
stdlib	stdlib/process/child.cryo	684	46	member	cast	guess=0
stdlib	stdlib/process/child.cryo	835	49	scope	of	guess=0
stdlib	stdlib/process/child.cryo	916	28	ident	Array	guess=1
stdlib	stdlib/process/child.cryo	917	14	scope	swap	guess=0
stdlib	stdlib/process/child.cryo	978	43	scope	of	guess=0
stdlib	stdlib/process/child.cryo	979	46	member	cast	guess=0
stdlib	stdlib/process/child.cryo	986	26	ident	Array	guess=1
stdlib	stdlib/process/child.cryo	1022	36	ident	Array	guess=1
stdlib	stdlib/process/child.cryo	1023	22	scope	swap	guess=0
stdlib	stdlib/process/command.cryo	254	14	scope	swap	guess=0
stdlib	stdlib/process/command.cryo	255	14	scope	swap	guess=0
stdlib	stdlib/random/distribution.cryo	87	52	member	next	guess=0
stdlib	stdlib/random/distribution.cryo	107	20	member	next	guess=0
stdlib	stdlib/random/distribution.cryo	127	35	member	next	guess=0
stdlib	stdlib/random/distribution.cryo	128	29	member	next	guess=0
stdlib	stdlib/random/distribution.cryo	149	36	member	next	guess=0
stdlib	stdlib/random/distribution.cryo	200	33	member	next	guess=0
stdlib	stdlib/sync/atomic.cryo	118	16	ident	Atomic	guess=0
stdlib	stdlib/sync/barrier.cryo	93	40	scope	of	guess=0
stdlib	stdlib/sync/barrier.cryo	96	58	member	cast	guess=0
stdlib	stdlib/sync/barrier.cryo	136	40	scope	of	guess=0
stdlib	stdlib/sync/condvar.cryo	115	40	scope	of	guess=0
stdlib	stdlib/sync/condvar.cryo	117	50	member	cast	guess=0
stdlib	stdlib/sync/condvar.cryo	172	40	scope	of	guess=0
stdlib	stdlib/sync/mpsc.cryo	143	35	scope	of	guess=0
stdlib	stdlib/sync/mpsc.cryo	144	42	member	cast	guess=0
stdlib	stdlib/sync/mpsc.cryo	170	58	scope	of	guess=0
stdlib	stdlib/sync/mpsc.cryo	203	32	ident	SendError	guess=0
stdlib	stdlib/sync/mpsc.cryo	207	39	scope	of	guess=0
stdlib	stdlib/sync/mpsc.cryo	208	45	member	cast	guess=0
stdlib	stdlib/sync/mpsc.cryo	211	36	ident	SendError	guess=0
stdlib	stdlib/sync/mpsc.cryo	239	16	ident	Sender	guess=0
stdlib	stdlib/sync/mpsc.cryo	247	9	ident	release_sender	guess=0
stdlib	stdlib/sync/mpsc.cryo	263	17	ident	free_inner	guess=0
stdlib	stdlib/sync/mpsc.cryo	269	9	ident	release_sender	guess=0
stdlib	stdlib/sync/mpsc.cryo	291	16	ident	Sender	guess=0
stdlib	stdlib/sync/mpsc.cryo	318	61	scope	of	guess=0
stdlib	stdlib/sync/mpsc.cryo	344	61	scope	of	guess=0
stdlib	stdlib/sync/mpsc.cryo	364	61	scope	of	guess=0
stdlib	stdlib/sync/mpsc.cryo	372	21	ident	free_inner	guess=0
stdlib	stdlib/sync/mpsc.cryo	397	12	ident	Receiver	guess=0
stdlib	stdlib/sync/mpsc.cryo	397	33	ident	new_inner	guess=0
stdlib	stdlib/sync/mutex.cryo	171	40	scope	of	guess=0
stdlib	stdlib/sync/mutex.cryo	174	17	member	cast	guess=0
stdlib	stdlib/sync/mutex.cryo	184	27	ident	Mutex	guess=0
stdlib	stdlib/sync/mutex.cryo	189	40	scope	of	guess=0
stdlib	stdlib/sync/mutex.cryo	191	54	member	cast	guess=0
stdlib	stdlib/sync/mutex.cryo	201	27	ident	Mutex	guess=0
stdlib	stdlib/sync/mutex.cryo	215	16	ident	MutexGuard	guess=0
stdlib	stdlib/sync/mutex.cryo	225	33	ident	MutexGuard	guess=0
stdlib	stdlib/sync/mutex.cryo	251	40	scope	of	guess=0
stdlib	stdlib/sync/once.cryo	91	40	scope	of	guess=0
stdlib	stdlib/sync/once.cryo	94	55	member	cast	guess=0
stdlib	stdlib/sync/once.cryo	123	40	scope	of	guess=0
stdlib	stdlib/sync/rwlock.cryo	183	40	scope	of	guess=0
stdlib	stdlib/sync/rwlock.cryo	186	17	member	cast	guess=0
stdlib	stdlib/sync/rwlock.cryo	196	27	ident	RwLock	guess=0
stdlib	stdlib/sync/rwlock.cryo	201	40	scope	of	guess=0
stdlib	stdlib/sync/rwlock.cryo	203	55	member	cast	guess=0
stdlib	stdlib/sync/rwlock.cryo	213	27	ident	RwLock	guess=0
stdlib	stdlib/sync/rwlock.cryo	223	16	ident	RwLockReadGuard	guess=0
stdlib	stdlib/sync/rwlock.cryo	230	33	ident	RwLockReadGuard	guess=0
stdlib	stdlib/sync/rwlock.cryo	243	16	ident	RwLockWriteGuard	guess=0
stdlib	stdlib/sync/rwlock.cryo	250	33	ident	RwLockWriteGuard	guess=0
stdlib	stdlib/sync/rwlock.cryo	265	40	scope	of	guess=0
stdlib	stdlib/test/runner.cryo	261	14	scope	swap	guess=0
stdlib	stdlib/test/runner.cryo	885	35	ident	Slice	guess=1
stdlib	stdlib/test/runner.cryo	1467	14	scope	swap	guess=0
stdlib	stdlib/test/runner.cryo	1844	36	ident	Atomic	guess=1
stdlib	stdlib/test/runner.cryo	1847	54	scope	channel	guess=0
stdlib	stdlib/test/runner.cryo	1862	23	member	spawn	guess=0
stdlib	stdlib/thread/_module.cryo	213	49	scope	of	guess=0
stdlib	stdlib/thread/_module.cryo	225	63	scope	of	guess=0
stdlib	stdlib/thread/_module.cryo	232	53	ident	thread_body	guess=0
stdlib	stdlib/thread/_module.cryo	234	53	ident	thread_body	guess=0
stdlib	stdlib/thread/_module.cryo	241	36	ident	thread_trampoline	guess=0
stdlib	stdlib/thread/_module.cryo	259	36	ident	thread_trampoline	guess=0
stdlib	stdlib/thread/_module.cryo	282	63	scope	of	guess=0
stdlib	stdlib/thread/_module.cryo	311	67	scope	of	guess=0
stdlib	stdlib/thread/_module.cryo	321	9	ident	reap_detached	guess=0
stdlib	stdlib/thread/_module.cryo	342	9	ident	reap_detached	guess=0
stdlib	stdlib/thread/_module.cryo	368	12	ident	spawn_with_attr	guess=0
stdlib	stdlib/thread/_module.cryo	385	35	scope	of	guess=0
stdlib	stdlib/thread/_module.cryo	386	43	member	cast	guess=0
stdlib	stdlib/thread/_module.cryo	389	23	ident	Atomic	guess=1
stdlib	stdlib/thread/_module.cryo	392	35	scope	of	guess=0
stdlib	stdlib/thread/_module.cryo	393	38	member	cast	guess=0
stdlib	stdlib/thread/_module.cryo	395	67	scope	of	guess=0
stdlib	stdlib/thread/_module.cryo	404	21	ident	os_create_thread	guess=0
stdlib	stdlib/thread/_module.cryo	411	58	scope	of	guess=0
stdlib	stdlib/thread/_module.cryo	412	63	scope	of	guess=0
stdlib	stdlib/thread/_module.cryo	415	23	ident	JoinHandle	guess=0
stdlib	stdlib/thread/_module.cryo	453	12	ident	spawn_with_attr	guess=0
stdlib	stdlib/thread/_module.cryo	524	21	member	try_spawn	guess=0
stdlib	stdlib/thread/_module.cryo	541	13	ident	spawn_with_attr	guess=0
stdlib	stdlib/thread/_module.cryo	623	49	scope	of	guess=0
stdlib	stdlib/thread/_module.cryo	628	49	ident	scope_body	guess=0
stdlib	stdlib/thread/_module.cryo	630	49	ident	scope_body	guess=0
stdlib	stdlib/thread/_module.cryo	636	29	ident	scope_trampoline	guess=0
stdlib	stdlib/thread/_module.cryo	654	29	ident	scope_trampoline	guess=0
stdlib	stdlib/thread/_module.cryo	709	39	scope	of	guess=0
stdlib	stdlib/thread/_module.cryo	710	42	member	cast	guess=0
stdlib	stdlib/thread/_module.cryo	716	25	ident	os_create_scope_thread	guess=0
stdlib	stdlib/thread/local.cryo	110	16	ident	ThreadLocal	guess=0
stdlib	stdlib/thread/local.cryo	124	40	scope	of	guess=0
stdlib	stdlib/thread/local.cryo	127	36	member	cast	guess=0
stdlib	stdlib/thread/local.cryo	153	40	scope	of	guess=0
stdlib	stdlib/time/datetime.cryo	96	16	ident	format_to_string	guess=1
tests/unit	tests/tests/lang/array_length_type_identity.cryo	31	43	ident	Buf	guess=0
tests/unit	tests/tests/lang/array_length_type_identity.cryo	94	31	ident	Buf	guess=0
tests/unit	tests/tests/lang/array_length_type_identity.cryo	95	31	ident	Buf	guess=0
tests/unit	tests/tests/lang/async_await_shapes.cryo	62	18	ident	PendingThenReady	guess=1
tests/unit	tests/tests/lang/async_await_shapes.cryo	66	18	ident	PendingThenReady	guess=1
tests/unit	tests/tests/lang/async_await_shapes.cryo	70	18	ident	PendingThenReady	guess=1
tests/unit	tests/tests/lang/async_await_shapes.cryo	74	18	ident	PendingThenReady	guess=1
tests/unit	tests/tests/lang/async_await_shapes.cryo	78	18	ident	PendingThenReady	guess=1
tests/unit	tests/tests/lang/async_carry_across_await.cryo	39	21	ident	PendingThenReady	guess=1
tests/unit	tests/tests/lang/async_carry_across_await.cryo	41	21	ident	PendingThenReady	guess=1
tests/unit	tests/tests/lang/async_carry_across_await.cryo	47	21	ident	PendingThenReady	guess=1
tests/unit	tests/tests/lang/async_carry_across_await.cryo	49	21	ident	PendingThenReady	guess=1
tests/unit	tests/tests/lang/async_carry_across_await.cryo	55	21	ident	PendingThenReady	guess=1
tests/unit	tests/tests/lang/async_carry_across_await.cryo	58	21	ident	PendingThenReady	guess=1
tests/unit	tests/tests/lang/async_carry_across_await.cryo	64	21	ident	PendingThenReady	guess=1
tests/unit	tests/tests/lang/async_carry_across_await.cryo	69	21	ident	PendingThenReady	guess=1
tests/unit	tests/tests/lang/async_carry_across_await.cryo	77	21	ident	PendingThenReady	guess=1
tests/unit	tests/tests/lang/async_carry_across_await.cryo	79	21	ident	PendingThenReady	guess=1
tests/unit	tests/tests/lang/async_carry_across_await.cryo	88	21	ident	PendingThenReady	guess=1
tests/unit	tests/tests/lang/async_carry_across_await.cryo	89	21	ident	PendingThenReady	guess=1
tests/unit	tests/tests/lang/async_carry_across_await.cryo	91	21	ident	PendingThenReady	guess=1
tests/unit	tests/tests/lang/async_carry_across_await.cryo	99	21	ident	PendingThenReady	guess=1
tests/unit	tests/tests/lang/async_carry_across_await.cryo	101	21	ident	PendingThenReady	guess=1
tests/unit	tests/tests/lang/async_carry_across_await.cryo	214	21	ident	PendingThenReady	guess=1
tests/unit	tests/tests/lang/async_carry_across_await.cryo	224	21	ident	PendingThenReady	guess=1
tests/unit	tests/tests/lang/async_carry_across_await.cryo	238	21	ident	PendingThenReady	guess=1
tests/unit	tests/tests/lang/async_carry_across_await.cryo	250	21	ident	PendingThenReady	guess=1
tests/unit	tests/tests/lang/async_carry_across_await.cryo	255	21	ident	PendingThenReady	guess=1
tests/unit	tests/tests/lang/async_carry_across_await.cryo	262	21	ident	PendingThenReady	guess=1
tests/unit	tests/tests/lang/async_declaration_order.cryo	28	27	ident	PendingThenReady	guess=1
tests/unit	tests/tests/lang/async_declaration_order.cryo	40	27	ident	PendingThenReady	guess=1
tests/unit	tests/tests/lang/async_generic_function.cryo	63	29	ident	PendingThenReady	guess=1
tests/unit	tests/tests/lang/async_generic_function.cryo	70	24	ident	Ready	guess=1
tests/unit	tests/tests/lang/async_generic_function.cryo	77	24	ident	gf_identity	guess=0
tests/unit	tests/tests/lang/async_generic_function.cryo	85	29	ident	PendingThenReady	guess=1
tests/unit	tests/tests/lang/async_generic_function.cryo	96	29	ident	PendingThenReady	guess=1
tests/unit	tests/tests/lang/async_generic_function.cryo	102	29	ident	PendingThenReady	guess=1
tests/unit	tests/tests/lang/async_generic_function.cryo	110	30	ident	PendingThenReady	guess=1
tests/unit	tests/tests/lang/async_generic_function.cryo	113	30	ident	PendingThenReady	guess=1
tests/unit	tests/tests/lang/async_generic_function.cryo	118	30	ident	PendingThenReady	guess=1
tests/unit	tests/tests/lang/async_generic_function.cryo	148	26	ident	GfBox	guess=0
tests/unit	tests/tests/lang/async_generic_function.cryo	184	26	ident	GfBoundedBox	guess=0
tests/unit	tests/tests/lang/async_generic_function.cryo	190	37	ident	gf_identity	guess=0
tests/unit	tests/tests/lang/async_generic_function.cryo	197	37	ident	gf_identity	guess=0
tests/unit	tests/tests/lang/async_generic_function.cryo	198	37	ident	gf_identity	guess=0
tests/unit	tests/tests/lang/async_generic_function.cryo	199	37	ident	gf_identity	guess=0
tests/unit	tests/tests/lang/async_generic_function.cryo	207	41	ident	gf_identity	guess=0
tests/unit	tests/tests/lang/async_generic_function.cryo	221	37	ident	gf_const_step	guess=0
tests/unit	tests/tests/lang/async_generic_function.cryo	222	37	ident	gf_const_step	guess=0
tests/unit	tests/tests/lang/async_generic_function.cryo	228	37	ident	gf_echo	guess=0
tests/unit	tests/tests/lang/async_generic_function.cryo	229	37	ident	gf_echo	guess=0
tests/unit	tests/tests/lang/async_generic_function.cryo	235	37	ident	gf_outer	guess=0
tests/unit	tests/tests/lang/async_generic_function.cryo	236	37	ident	gf_outer	guess=0
tests/unit	tests/tests/lang/async_generic_function.cryo	243	37	ident	gf_via_local	guess=0
tests/unit	tests/tests/lang/async_generic_function.cryo	252	38	ident	gf_via_local	guess=0
tests/unit	tests/tests/lang/async_generic_function.cryo	261	22	ident	gf_void_no_await	guess=0
tests/unit	tests/tests/lang/async_generic_function.cryo	264	22	ident	gf_void_await	guess=0
tests/unit	tests/tests/lang/async_generic_function.cryo	271	37	ident	gf_with_string	guess=0
tests/unit	tests/tests/lang/async_generic_function.cryo	277	37	ident	gf_branchy	guess=0
tests/unit	tests/tests/lang/async_generic_function.cryo	278	37	ident	gf_branchy	guess=0
tests/unit	tests/tests/lang/async_generic_function.cryo	286	37	ident	gf_literal	guess=0
tests/unit	tests/tests/lang/async_generic_function.cryo	287	37	ident	gf_literal	guess=0
tests/unit	tests/tests/lang/async_generic_function.cryo	294	37	ident	gf_literal_bounded	guess=0
tests/unit	tests/tests/lang/async_generic_owner_byvalue_arg.cryo	61	43	ident	Box	guess=0
tests/unit	tests/tests/lang/async_generic_owner_byvalue_arg.cryo	140	23	ident	Box	guess=0
tests/unit	tests/tests/lang/async_generic_owner_byvalue_arg.cryo	145	23	ident	Box	guess=0
tests/unit	tests/tests/lang/async_generic_owner_byvalue_arg.cryo	150	23	ident	Box	guess=0
tests/unit	tests/tests/lang/async_generic_owner_byvalue_arg.cryo	155	23	ident	Box	guess=0
tests/unit	tests/tests/lang/async_if_expression.cryo	48	30	ident	PendingThenReady	guess=1
tests/unit	tests/tests/lang/async_if_expression.cryo	57	35	ident	PendingThenReady	guess=1
tests/unit	tests/tests/lang/async_if_expression.cryo	65	26	ident	PendingThenReady	guess=1
tests/unit	tests/tests/lang/async_if_expression.cryo	79	26	ident	PendingThenReady	guess=1
tests/unit	tests/tests/lang/async_match_guard.cryo	39	18	ident	PendingThenReady	guess=1
tests/unit	tests/tests/lang/async_match_guard.cryo	43	18	ident	PendingThenReady	guess=1
tests/unit	tests/tests/lang/async_match_guard.cryo	47	18	ident	PendingThenReady	guess=1
tests/unit	tests/tests/lang/async_match_guard.cryo	211	18	ident	PendingThenReady	guess=1
tests/unit	tests/tests/lang/async_method.cryo	331	28	ident	AmCell	guess=0
tests/unit	tests/tests/lang/async_method.cryo	341	32	ident	AmCell	guess=0
tests/unit	tests/tests/lang/async_method.cryo	342	32	ident	AmCell	guess=0
tests/unit	tests/tests/lang/async_method.cryo	343	32	ident	AmCell	guess=0
tests/unit	tests/tests/lang/async_method.cryo	353	28	ident	AmCell	guess=0
tests/unit	tests/tests/lang/async_method.cryo	354	39	member	pick	guess=0
tests/unit	tests/tests/lang/async_method.cryo	360	37	ident	AmCell	guess=0
tests/unit	tests/tests/lang/async_pointer_across_await.cryo	33	27	ident	PendingThenReady	guess=1
tests/unit	tests/tests/lang/async_pointer_across_await.cryo	43	27	ident	PendingThenReady	guess=1
tests/unit	tests/tests/lang/async_pointer_across_await.cryo	51	27	ident	PendingThenReady	guess=1
tests/unit	tests/tests/lang/async_pointer_across_await.cryo	63	27	ident	PendingThenReady	guess=1
tests/unit	tests/tests/lang/async_pointer_across_await.cryo	121	30	ident	PendingThenReady	guess=1
tests/unit	tests/tests/lang/async_pointer_across_await.cryo	136	27	ident	PendingThenReady	guess=1
tests/unit	tests/tests/lang/async_receiver_refresh.cryo	43	30	ident	PendingThenReady	guess=1
tests/unit	tests/tests/lang/async_receiver_refresh.cryo	65	54	ident	Array	guess=1
tests/unit	tests/tests/lang/async_receiver_refresh.cryo	104	37	ident	Array	guess=1
tests/unit	tests/tests/lang/async_receiver_refresh.cryo	120	56	ident	Array	guess=1
tests/unit	tests/tests/lang/async_receiver_refresh.cryo	130	44	ident	Array	guess=1
tests/unit	tests/tests/lang/async_receiver_refresh.cryo	158	30	ident	PendingThenReady	guess=1
tests/unit	tests/tests/lang/async_receiver_refresh.cryo	186	31	ident	GenConn	guess=0
tests/unit	tests/tests/lang/async_receiver_refresh.cryo	187	40	ident	Array	guess=1
tests/unit	tests/tests/lang/async_receiver_refresh.cryo	193	31	ident	GenConn	guess=0
tests/unit	tests/tests/lang/async_receiver_refresh.cryo	194	40	ident	Array	guess=1
tests/unit	tests/tests/lang/async_receiver_refresh.cryo	226	35	ident	GenConn	guess=0
tests/unit	tests/tests/lang/async_receiver_refresh.cryo	227	40	ident	Array	guess=1
tests/unit	tests/tests/lang/async_receiver_refresh.cryo	273	16	ident	GenBoxed	guess=0
tests/unit	tests/tests/lang/async_receiver_refresh.cryo	289	31	ident	GenConn	guess=0
tests/unit	tests/tests/lang/async_receiver_refresh.cryo	290	40	ident	Array	guess=1
tests/unit	tests/tests/lang/async_trait_method.cryo	56	33	ident	PendingThenReady	guess=1
tests/unit	tests/tests/lang/async_trait_method.cryo	67	33	ident	PendingThenReady	guess=1
tests/unit	tests/tests/lang/async_trait_method.cryo	107	37	ident	atm_pump	guess=0
tests/unit	tests/tests/lang/async_trait_method.cryo	115	37	ident	atm_pump	guess=0
tests/unit	tests/tests/lang/async_trait_method.cryo	116	37	ident	atm_pump	guess=0
tests/unit	tests/tests/lang/async_trait_method.cryo	123	37	ident	atm_pump	guess=0
tests/unit	tests/tests/lang/async_trait_method.cryo	133	37	ident	atm_pump_twice	guess=0
tests/unit	tests/tests/lang/async_trait_method.cryo	141	37	ident	atm_pump_twice	guess=0
tests/unit	tests/tests/lang/async_trait_method.cryo	202	27	ident	AtmHolder	guess=0
tests/unit	tests/tests/lang/async_trait_method.cryo	221	37	ident	atm_hold_and_drain	guess=0
tests/unit	tests/tests/lang/async_trait_method.cryo	229	37	ident	atm_via_drain	guess=0
tests/unit	tests/tests/lang/async_trait_method.cryo	230	9	ident	AtmHolder	guess=0
tests/unit	tests/tests/lang/async_trait_method.cryo	239	27	ident	AtmHolder	guess=0
tests/unit	tests/tests/lang/async_trait_method.cryo	249	9	ident	atm_default_body_on_generic_owner	guess=0
tests/unit	tests/tests/lang/async_try_operator.cryo	41	26	ident	PendingThenReady	guess=1
tests/unit	tests/tests/lang/async_try_operator.cryo	56	26	ident	PendingThenReady	guess=1
tests/unit	tests/tests/lang/async_try_operator.cryo	82	26	ident	PendingThenReady	guess=1
tests/unit	tests/tests/lang/async_try_operator.cryo	117	33	ident	PendingThenReady	guess=1
tests/unit	tests/tests/lang/async_try_operator.cryo	219	9	ident	AtoCodec	guess=0
tests/unit	tests/tests/lang/async_try_operator.cryo	230	9	ident	AtoCodec	guess=0
tests/unit	tests/tests/lang/async_try_operator.cryo	276	26	ident	PendingThenReady	guess=1
tests/unit	tests/tests/lang/async_void_output.cryo	35	27	ident	PendingThenReady	guess=1
tests/unit	tests/tests/lang/async_void_output.cryo	40	27	ident	PendingThenReady	guess=1
tests/unit	tests/tests/lang/async_void_output.cryo	49	27	ident	PendingThenReady	guess=1
tests/unit	tests/tests/lang/async_void_output.cryo	54	27	ident	PendingThenReady	guess=1
tests/unit	tests/tests/lang/copy_bound.cryo	75	30	ident	Array	guess=1
tests/unit	tests/tests/lang/copy_bound.cryo	93	29	ident	Array	guess=1
tests/unit	tests/tests/lang/deref_take_in_unsafe.cryo	68	14	scope	swap	guess=0
tests/unit	tests/tests/lang/drop_glue.cryo	193	32	ident	Array	guess=1
tests/unit	tests/tests/lang/enum_discriminant_base.cryo	102	22	ident	Tagged	guess=0
tests/unit	tests/tests/lang/enum_discriminant_base.cryo	103	22	ident	Tagged	guess=0
tests/unit	tests/tests/lang/f32_literal_args.cryo	72	24	ident	ident	guess=0
tests/unit	tests/tests/lang/f32_literal_args.cryo	77	24	ident	gmin	guess=0
tests/unit	tests/tests/lang/f32_literal_args.cryo	84	20	ident	ident	guess=0
tests/unit	tests/tests/lang/f32_literal_args.cryo	107	24	ident	ident	guess=0
tests/unit	tests/tests/lang/fluent_default_method_combinator.cryo	61	16	ident	MyCopied	guess=0
tests/unit	tests/tests/lang/fluent_default_method_combinator.cryo	78	28	ident	PtrSrc	guess=0
tests/unit	tests/tests/lang/fluent_default_method_combinator.cryo	91	28	ident	PtrSrc	guess=0
tests/unit	tests/tests/lang/fn_pointer_shadowing.cryo	82	22	ident	apply_t	guess=0
tests/unit	tests/tests/lang/for_in.cryo	289	27	ident	Array	guess=1
tests/unit	tests/tests/lang/for_in.cryo	307	29	ident	Array	guess=1
tests/unit	tests/tests/lang/for_in.cryo	317	27	ident	Array	guess=1
tests/unit	tests/tests/lang/generic_lookahead_grouping.cryo	112	19	ident	ident	guess=0
tests/unit	tests/tests/lang/generic_lookahead_grouping.cryo	117	19	ident	pair_first	guess=0
tests/unit	tests/tests/lang/generic_lookahead_grouping.cryo	125	19	ident	ident	guess=0
tests/unit	tests/tests/lang/generic_lookahead_grouping.cryo	125	30	ident	ident	guess=0
tests/unit	tests/tests/lang/generic_method_on_temporary.cryo	60	46	member	run	guess=0
tests/unit	tests/tests/lang/generic_method_on_temporary.cryo	68	31	member	run	guess=0
tests/unit	tests/tests/lang/generic_method_on_temporary.cryo	77	22	member	run	guess=0
tests/unit	tests/tests/lang/generic_method_symbolic_receiver.cryo	46	47	ident	GmsrInner	guess=0
tests/unit	tests/tests/lang/generic_method_symbolic_receiver.cryo	69	68	member	put	guess=0
tests/unit	tests/tests/lang/generic_method_symbolic_receiver.cryo	70	69	member	own	guess=0
tests/unit	tests/tests/lang/generic_method_symbolic_receiver.cryo	72	65	member	put	guess=0
tests/unit	tests/tests/lang/generic_method_symbolic_receiver.cryo	76	76	member	put	guess=0
tests/unit	tests/tests/lang/generic_method_symbolic_receiver.cryo	80	29	ident	GmsrInner	guess=0
tests/unit	tests/tests/lang/generic_method_symbolic_receiver.cryo	81	14	member	put	guess=0
tests/unit	tests/tests/lang/generic_method_symbolic_receiver.cryo	91	29	ident	GmsrInner	guess=0
tests/unit	tests/tests/lang/generic_method_symbolic_receiver.cryo	92	22	ident	gmsr_param_default	guess=0
tests/unit	tests/tests/lang/generic_method_symbolic_receiver.cryo	97	29	ident	GmsrInner	guess=0
tests/unit	tests/tests/lang/generic_method_symbolic_receiver.cryo	98	22	ident	gmsr_param_inherent	guess=0
tests/unit	tests/tests/lang/generic_method_symbolic_receiver.cryo	103	29	ident	GmsrInner	guess=0
tests/unit	tests/tests/lang/generic_method_symbolic_receiver.cryo	106	22	ident	gmsr_param_default	guess=0
tests/unit	tests/tests/lang/generic_method_symbolic_receiver.cryo	110	22	ident	gmsr_param_wide	guess=0
tests/unit	tests/tests/lang/generic_method_symbolic_receiver.cryo	120	29	ident	GmsrInner	guess=0
tests/unit	tests/tests/lang/generic_method_symbolic_receiver.cryo	121	22	ident	gmsr_param_inferred	guess=0
tests/unit	tests/tests/lang/generic_method_symbolic_receiver.cryo	126	29	ident	GmsrInner	guess=0
tests/unit	tests/tests/lang/generic_method_symbolic_receiver.cryo	127	22	ident	gmsr_param_enclosing	guess=0
tests/unit	tests/tests/lang/generic_method_symbolic_receiver.cryo	132	22	ident	gmsr_local_default	guess=0
tests/unit	tests/tests/lang/generic_method_symbolic_receiver.cryo	139	29	ident	GmsrInner	guess=0
tests/unit	tests/tests/lang/generic_method_symbolic_receiver.cryo	140	29	ident	GmsrInner	guess=0
tests/unit	tests/tests/lang/generic_method_symbolic_receiver.cryo	141	22	ident	gmsr_param_default	guess=0
tests/unit	tests/tests/lang/generic_method_symbolic_receiver.cryo	145	22	ident	gmsr_param_default	guess=0
tests/unit	tests/tests/lang/generic_method_symbolic_receiver.cryo	150	29	ident	GmsrInner	guess=0
tests/unit	tests/tests/lang/generic_method_symbolic_receiver.cryo	151	22	ident	gmsr_param_nongeneric	guess=0
tests/unit	tests/tests/lang/generic_method_symbolic_receiver.cryo	157	24	member	put	guess=0
tests/unit	tests/tests/lang/generic_method_symbolic_receiver.cryo	161	24	member	own	guess=0
tests/unit	tests/tests/lang/generic_owner_numeric_context.cryo	25	51	ident	GonCell	guess=0
tests/unit	tests/tests/lang/generic_owner_numeric_context.cryo	37	27	ident	GonCell	guess=0
tests/unit	tests/tests/lang/generic_owner_numeric_context.cryo	44	27	ident	GonCell	guess=0
tests/unit	tests/tests/lang/generic_owner_numeric_context.cryo	53	27	ident	GonCell	guess=0
tests/unit	tests/tests/lang/generic_owner_numeric_context.cryo	59	26	ident	GonCell	guess=0
tests/unit	tests/tests/lang/generic_owner_numeric_context.cryo	71	27	ident	GonCell	guess=0
tests/unit	tests/tests/lang/generic_static_owner_binding.cryo	25	42	ident	Wrap	guess=0
tests/unit	tests/tests/lang/generic_static_owner_binding.cryo	51	24	ident	Wrap	guess=0
tests/unit	tests/tests/lang/generic_static_owner_binding.cryo	71	27	ident	Boxed	guess=0
tests/unit	tests/tests/lang/generic_static_owner_binding.cryo	93	38	ident	Boxed	guess=0
tests/unit	tests/tests/lang/generics.cryo	28	16	ident	TestPair	guess=0
tests/unit	tests/tests/lang/generics.cryo	38	16	ident	Triple	guess=0
tests/unit	tests/tests/lang/generics.cryo	46	16	ident	Holder	guess=0
tests/unit	tests/tests/lang/generics.cryo	57	16	ident	Holder	guess=0
tests/unit	tests/tests/lang/generics.cryo	286	16	ident	Counter	guess=0
tests/unit	tests/tests/lang/impl_head_full_params.cryo	46	26	ident	Cell	guess=0
tests/unit	tests/tests/lang/impl_head_full_params.cryo	52	26	ident	Cell	guess=0
tests/unit	tests/tests/lang/impl_head_full_params.cryo	58	26	ident	Cell	guess=0
tests/unit	tests/tests/lang/impl_trait_iter.cryo	82	16	ident	BufIter	guess=0
tests/unit	tests/tests/lang/impl_trait_iter.cryo	124	28	ident	MyVec	guess=0
tests/unit	tests/tests/lang/impl_trait_iter.cryo	129	28	ident	MyVec	guess=0
tests/unit	tests/tests/lang/int128.cryo	128	24	ident	generic_id	guess=0
tests/unit	tests/tests/lang/lambdas.cryo	238	38	member	map	guess=0
tests/unit	tests/tests/lang/leaf_dispatch.cryo	112	22	ident	describe	guess=0
tests/unit	tests/tests/lang/leaf_dispatch.cryo	116	22	ident	describe	guess=0
tests/unit	tests/tests/lang/local_type_inference.cryo	66	14	ident	Range	guess=1
tests/unit	tests/tests/lang/local_type_inference.cryo	76	25	ident	Array	guess=1
tests/unit	tests/tests/lang/match_generic_free_fn.cryo	34	25	ident	wrap_ok	guess=0
tests/unit	tests/tests/lang/match_generic_free_fn.cryo	44	30	ident	identity	guess=0
tests/unit	tests/tests/lang/match_generic_free_fn.cryo	50	22	ident	via_match	guess=0
tests/unit	tests/tests/lang/match_generic_free_fn.cryo	57	20	ident	via_if	guess=0
tests/unit	tests/tests/lang/match_generic_free_fn.cryo	58	20	ident	via_if	guess=0
tests/unit	tests/tests/lang/match_subject_owned_place.cryo	97	14	scope	swap	guess=0
tests/unit	tests/tests/lang/memory_layout.cryo	188	29	ident	GenPacked	guess=0
tests/unit	tests/tests/lang/memory_layout.cryo	209	30	ident	GenAligned	guess=0
tests/unit	tests/tests/lang/method_generic_turbofish_literal.cryo	80	28	ident	Slice	guess=1
tests/unit	tests/tests/lang/method_generic_turbofish_literal.cryo	97	14	member	tag	guess=0
tests/unit	tests/tests/lang/method_generic_turbofish_literal.cryo	98	14	member	tag	guess=0
tests/unit	tests/tests/lang/method_generic_turbofish_literal.cryo	99	14	member	tag	guess=0
tests/unit	tests/tests/lang/method_generic_turbofish_literal.cryo	112	24	member	tag	guess=0
tests/unit	tests/tests/lang/method_generic_turbofish_literal.cryo	122	24	member	tag	guess=0
tests/unit	tests/tests/lang/method_generic_turbofish_literal.cryo	122	42	member	tag	guess=0
tests/unit	tests/tests/lang/method_generic_turbofish_literal.cryo	131	24	member	tag	guess=0
tests/unit	tests/tests/lang/method_generic_turbofish_literal.cryo	137	29	member	pick	guess=0
tests/unit	tests/tests/lang/method_generic_turbofish_literal.cryo	138	29	member	pick	guess=0
tests/unit	tests/tests/lang/method_generic_turbofish_literal.cryo	143	24	member	pick	guess=0
tests/unit	tests/tests/lang/method_generic_turbofish_literal.cryo	150	37	ident	Array	guess=1
tests/unit	tests/tests/lang/method_generic_turbofish_literal.cryo	151	30	member	put	guess=0
tests/unit	tests/tests/lang/method_generic_turbofish_literal.cryo	152	30	member	put	guess=0
tests/unit	tests/tests/lang/method_generic_turbofish_literal.cryo	153	30	member	put	guess=0
tests/unit	tests/tests/lang/nested_generic_instantiation_arg.cryo	54	22	ident	ngi_passthru	guess=0
tests/unit	tests/tests/lang/nested_generic_instantiation_arg.cryo	61	15	ident	ngi_classify	guess=0
tests/unit	tests/tests/lang/nested_generic_instantiation_arg.cryo	62	15	ident	ngi_classify	guess=0
tests/unit	tests/tests/lang/nested_generic_instantiation_arg.cryo	63	15	ident	ngi_classify	guess=0
tests/unit	tests/tests/lang/nested_generic_instantiation_arg.cryo	70	15	ident	ngi_classify	guess=0
tests/unit	tests/tests/lang/nested_generic_instantiation_arg.cryo	71	15	ident	ngi_classify	guess=0
tests/unit	tests/tests/lang/nested_generic_instantiation_arg.cryo	72	15	ident	ngi_classify	guess=0
tests/unit	tests/tests/lang/nested_generic_instantiation_arg.cryo	73	15	ident	ngi_classify	guess=0
tests/unit	tests/tests/lang/nested_generic_instantiation_arg.cryo	79	15	ident	ngi_inner	guess=0
tests/unit	tests/tests/lang/nested_generic_instantiation_arg.cryo	80	15	ident	ngi_inner	guess=0
tests/unit	tests/tests/lang/nested_generic_instantiation_arg.cryo	81	15	ident	ngi_inner	guess=0
tests/unit	tests/tests/lang/nested_match_conditional_move.cryo	49	46	ident	Array	guess=1
tests/unit	tests/tests/lang/numeric_literal_suffix.cryo	33	44	ident	NlsBox	guess=0
tests/unit	tests/tests/lang/numeric_literal_suffix.cryo	68	26	ident	NlsBox	guess=0
tests/unit	tests/tests/lang/numeric_literal_suffix.cryo	80	26	ident	NlsBox	guess=0
tests/unit	tests/tests/lang/numeric_literal_suffix.cryo	81	26	ident	NlsBox	guess=0
tests/unit	tests/tests/lang/operator_overload.cryo	174	24	ident	Wrap	guess=0
tests/unit	tests/tests/lang/operator_overload.cryo	371	28	ident	SmartBox	guess=0
tests/unit	tests/tests/lang/operator_overload.cryo	384	22	ident	read_deref	guess=0
tests/unit	tests/tests/lang/operator_overload.cryo	459	26	ident	GBox	guess=0
tests/unit	tests/tests/lang/operator_overloading.cryo	62	51	ident	Wrap	guess=0
tests/unit	tests/tests/lang/operator_overloading.cryo	123	26	ident	Wrap	guess=0
tests/unit	tests/tests/lang/operator_overloading.cryo	124	26	ident	Wrap	guess=0
tests/unit	tests/tests/lang/peel_ptr_bound_repro.cryo	53	41	ident	DerefAdapter	guess=0
tests/unit	tests/tests/lang/peel_ptr_bound_repro.cryo	54	16	ident	PtrIter	guess=0
tests/unit	tests/tests/lang/qualified_module_call_arg_binding.cryo	53	30	scope	digest	guess=0
tests/unit	tests/tests/lang/qualified_module_call_arg_binding.cryo	66	30	scope	digest	guess=0
tests/unit	tests/tests/lang/qualified_module_call_arg_binding.cryo	67	30	scope	digest	guess=0
tests/unit	tests/tests/lang/qualified_module_call_arg_binding.cryo	94	14	scope	swap	guess=0
tests/unit	tests/tests/lang/qualified_module_call_arg_binding.cryo	108	14	scope	drop	guess=0
tests/unit	tests/tests/lang/send_sync_auto_derive.cryo	55	20	ident	require_send	guess=0
tests/unit	tests/tests/lang/send_sync_auto_derive.cryo	56	20	ident	require_send	guess=0
tests/unit	tests/tests/lang/send_sync_auto_derive.cryo	57	20	ident	require_send	guess=0
tests/unit	tests/tests/lang/send_sync_auto_derive.cryo	58	20	ident	require_send	guess=0
tests/unit	tests/tests/lang/send_sync_auto_derive.cryo	68	20	ident	require_sync	guess=0
tests/unit	tests/tests/lang/send_sync_auto_derive.cryo	69	20	ident	require_sync	guess=0
tests/unit	tests/tests/lang/send_sync_auto_derive.cryo	80	20	ident	require_send	guess=0
tests/unit	tests/tests/lang/send_sync_auto_derive.cryo	91	20	ident	require_send	guess=0
tests/unit	tests/tests/lang/send_sync_auto_derive.cryo	103	26	ident	Atomic	guess=1
tests/unit	tests/tests/lang/send_sync_auto_derive.cryo	104	20	ident	require_send	guess=0
tests/unit	tests/tests/lang/send_sync_auto_derive.cryo	130	22	ident	require_send_and_sync	guess=0
tests/unit	tests/tests/lang/send_sync_auto_derive.cryo	139	40	ident	Atomic	guess=1
tests/unit	tests/tests/lang/send_sync_auto_derive.cryo	140	20	ident	require_send_and_sync	guess=0
tests/unit	tests/tests/lang/sized_int.cryo	58	25	ident	id_generic	guess=0
tests/unit	tests/tests/lang/static_match.cryo	27	16	ident	Tag	guess=0
tests/unit	tests/tests/lang/static_match.cryo	55	23	ident	Tag	guess=0
tests/unit	tests/tests/lang/static_match.cryo	66	22	ident	Tag	guess=0
tests/unit	tests/tests/lang/static_match.cryo	76	23	ident	Tag	guess=0
tests/unit	tests/tests/lang/static_match.cryo	86	27	ident	Tag	guess=0
tests/unit	tests/tests/lang/static_match.cryo	97	23	ident	Tag	guess=0
tests/unit	tests/tests/lang/static_match.cryo	107	23	ident	Tag	guess=0
tests/unit	tests/tests/lang/static_match.cryo	109	23	ident	Tag	guess=0
tests/unit	tests/tests/lang/static_match.cryo	164	24	member	code	guess=0
tests/unit	tests/tests/lang/static_match.cryo	168	24	member	code	guess=0
tests/unit	tests/tests/lang/static_match.cryo	172	24	member	code	guess=0
tests/unit	tests/tests/lang/static_match.cryo	176	24	member	code	guess=0
tests/unit	tests/tests/lang/static_match.cryo	187	24	member	code	guess=0
tests/unit	tests/tests/lang/static_match.cryo	197	22	member	zero	guess=0
tests/unit	tests/tests/lang/static_match.cryo	198	22	member	zero	guess=0
tests/unit	tests/tests/lang/static_match.cryo	234	24	member	group	guess=0
tests/unit	tests/tests/lang/static_match.cryo	235	24	member	group	guess=0
tests/unit	tests/tests/lang/static_match.cryo	236	24	member	group	guess=0
tests/unit	tests/tests/lang/static_match.cryo	237	24	member	group	guess=0
tests/unit	tests/tests/lang/static_match.cryo	238	24	member	group	guess=0
tests/unit	tests/tests/lang/static_match.cryo	240	24	member	group	guess=0
tests/unit	tests/tests/lang/trait_default_generics.cryo	55	47	ident	TdgHolder	guess=0
tests/unit	tests/tests/lang/trait_default_generics.cryo	64	14	member	wrap	guess=0
tests/unit	tests/tests/lang/trait_default_generics.cryo	82	31	ident	TdgHolder	guess=0
tests/unit	tests/tests/lang/trait_default_generics.cryo	83	14	member	wrap	guess=0
tests/unit	tests/tests/lang/type_where_bound.cryo	50	29	ident	Holder	guess=0
tests/unit	tests/tests/lang/unions.cryo	148	33	ident	Either	guess=0
tests/unit	tests/tests/lang/unions.cryo	179	29	ident	Holder	guess=0
tests/unit	tests/tests/lang/unions.cryo	180	29	ident	Holder	guess=0
tests/unit	tests/tests/lang/where_bound_nested_param_inference.cryo	123	16	ident	Combine	guess=0
tests/unit	tests/tests/lang/where_bound_nested_param_inference.cryo	128	16	ident	Pair	guess=0
tests/unit	tests/tests/lang/where_bound_nested_param_inference.cryo	133	16	ident	Deep	guess=0
tests/unit	tests/tests/lang/where_bound_nested_param_inference.cryo	138	16	ident	HalfOpen	guess=0
tests/unit	tests/tests/lang/where_bound_nested_param_inference.cryo	147	25	ident	Src	guess=0
tests/unit	tests/tests/lang/where_bound_nested_param_inference.cryo	148	25	ident	Src	guess=0
tests/unit	tests/tests/lang/where_bound_nested_param_inference.cryo	160	25	ident	Src	guess=0
tests/unit	tests/tests/lang/where_bound_nested_param_inference.cryo	161	25	ident	Src	guess=0
tests/unit	tests/tests/lang/where_bound_nested_param_inference.cryo	174	25	ident	Src	guess=0
tests/unit	tests/tests/lang/where_bound_nested_param_inference.cryo	175	25	ident	Src	guess=0
tests/unit	tests/tests/lang/where_bound_nested_param_inference.cryo	194	22	ident	Src	guess=0
tests/unit	tests/tests/lang/where_bound_nested_param_inference.cryo	213	22	ident	Src	guess=0
tests/unit	tests/tests/lang/where_bound_nested_param_inference.cryo	226	22	ident	Src	guess=0
tests/unit	tests/tests/lang/where_bound_nested_param_inference.cryo	226	42	ident	Src	guess=0
tests/unit	tests/tests/lang/where_bound_nested_param_inference.cryo	237	26	ident	Src	guess=0
tests/unit	tests/tests/lang/where_bound_nested_param_inference.cryo	238	26	ident	Src	guess=0
tests/unit	tests/tests/lang/where_bound_nested_param_inference.cryo	239	26	ident	Src	guess=0
tests/unit	tests/tests/lang/where_bound_nested_param_inference.cryo	240	26	ident	Src	guess=0
tests/negative	tests/tests/negative/E0010_generic_owner_arg_overflow.cryo	16	52	ident	GonOwner	guess=0
tests/negative	tests/tests/negative/E0010_generic_owner_arg_overflow.cryo	20	27	ident	GonOwner	guess=0
tests/negative	tests/tests/negative/E0203_type_argument_undeclared.cryo	13	27	ident	String	guess=1
tests/negative	tests/tests/negative/E0302_trait_head_undeclared_param.cryo	24	28	ident	Holder	guess=0
tests/negative	tests/tests/negative/E0306_separate_block_drop_not_copy.cryo	19	22	ident	needs_copy	guess=0
tests/negative	tests/tests/negative/E0306_trait_bound.cryo	7	33	ident	cf_need	guess=0
tests/negative	tests/tests/negative/E0306_type_where_bound.cryo	21	30	ident	Holder	guess=0
tests/negative	tests/tests/negative/E0307_owner_literal_default.cryo	17	42	ident	Wrap	guess=0
tests/negative	tests/tests/negative/E0311_generic_param_shadowed.cryo	18	43	ident	CfBox	guess=0
tests/negative	tests/tests/negative/E0353_private_field_async_foreign.cryo	21	33	ident	Ready	guess=1
tests/negative	tests/tests/negative/E0453_deref_move_out_qualified_call.cryo	31	10	scope	drop	guess=0
tests/negative	tests/tests/negative/E0455_async_address_in_if_expression.cryo	19	27	ident	PendingThenReady	guess=1
tests/negative	tests/tests/negative/E0455_async_address_into_awaited_future.cryo	17	26	ident	PendingThenReady	guess=1
tests/negative	tests/tests/negative/E0455_async_pointer_outlives_local.cryo	18	27	ident	PendingThenReady	guess=1
tests/negative	tests/tests/negative/E0455_async_stored_method_future.cryo	24	30	ident	PendingThenReady	guess=1
tests/negative	tests/tests/negative/E0455_async_temporary_receiver.cryo	24	30	ident	PendingThenReady	guess=1
tests/negative	tests/tests/negative/E0458_closure_into_generic_free_fn.cryo	23	22	ident	apply_gen	guess=0
tests/negative	tests/tests/negative/E0459_future_moved_after_poll.cryo	21	26	ident	Ready	guess=1
tests/negative	tests/tests/negative/E0600_async_guard_moves_owning_payload.cryo	24	18	ident	PendingThenReady	guess=1
tests/negative	tests/tests/negative/E0600_async_guard_moves_owning_payload.cryo	30	35	ident	PendingThenReady	guess=1
tests/negative	tests/tests/negative/E0600_async_mutually_recursive_futures.cryo	21	27	ident	PendingThenReady	guess=1
tests/negative	tests/tests/negative/E0600_async_recursive_future.cryo	17	27	ident	PendingThenReady	guess=1
tests/negative	tests/tests/negative/E0600_await_in_static_match_arm.cryo	21	18	ident	PendingThenReady	guess=1
tests/negative	tests/tests/negative/E0600_await_in_unsafe_block.cryo	21	18	ident	PendingThenReady	guess=1
tests/negative	tests/tests/negative/E0645_no_static_match_arm.cryo	13	16	ident	cf_Only	guess=0
tests/negative	tests/tests/negative/E0645_no_static_match_arm.cryo	28	27	ident	cf_Only	guess=0
tests/projects	tests/tests/projects/bound_directed_static_path/src/main.cryo	55	20	ident	via_beta	guess=0
tests/projects	tests/tests/projects/bound_directed_static_path/src/main.cryo	56	20	ident	via_gamma	guess=0
tests/projects	tests/tests/projects/bound_directed_static_path/src/main.cryo	57	20	ident	via_beta_recv	guess=0
tests/projects	tests/tests/projects/bound_directed_static_path/src/main.cryo	58	20	ident	via_value	guess=0
tests/projects	tests/tests/projects/bound_directed_static_path/src/main.cryo	59	24	ident	Wrap	guess=0
tests/projects	tests/tests/projects/bound_directed_static_path/src/main.cryo	60	20	ident	Wrap	guess=0
tests/projects	tests/tests/projects/default_param_keyed_by_symbol/src/main.cryo	17	27	ident	Holder	guess=0
tests/projects	tests/tests/projects/default_param_keyed_by_symbol/src/main.cryo	18	27	ident	Other	guess=0
tests/projects	tests/tests/projects/default_param_keyed_by_symbol/src/main.cryo	19	22	member	conv	guess=0
tests/projects	tests/tests/projects/default_param_keyed_by_symbol/src/main.cryo	20	22	member	other	guess=0
tests/projects	tests/tests/projects/default_param_keyed_by_symbol/src/main.cryo	21	22	member	conv	guess=0
tests/projects	tests/tests/projects/default_param_keyed_by_symbol/src/main.cryo	22	22	member	other	guess=0
tests/projects	tests/tests/projects/generic_name_collision/tests/collision_test.cryo	31	44	scope	pick	guess=0
tests/projects	tests/tests/projects/generic_name_collision/tests/collision_test.cryo	32	43	scope	pick	guess=0
tests/projects	tests/tests/projects/generic_name_collision/tests/widget_mid.cryo	19	16	ident	Widget	guess=1
tests/projects	tests/tests/projects/generic_name_collision/tests/widget_mid.cryo	25	16	ident	Widget	guess=1
tests/projects	tests/tests/projects/generic_name_collision/tests/widget_static.cryo	29	16	ident	Widget	guess=1
tests/projects	tests/tests/projects/generic_name_collision/tests/widget_static.cryo	34	16	ident	Widget	guess=1
tests/projects	tests/tests/projects/generic_name_collision/tests/widget_static.cryo	44	12	ident	Widget	guess=1
tests/projects	tests/tests/projects/generic_name_collision/tests/widget_static.cryo	58	24	ident	Widget	guess=1
tests/projects	tests/tests/projects/generic_name_collision/tests/widget_static_test.cryo	42	73	scope	build_tf	guess=0
tests/projects	tests/tests/projects/generic_name_collision/tests/widget_static_test.cryo	59	60	ident	wrap	guess=1
tests/projects	tests/tests/projects/generic_name_collision/tests/widget_static_test.cryo	70	44	scope	Widget	guess=0
tests/projects	tests/tests/projects/generic_name_collision/tests/widget_test.cryo	36	62	member	make_tf	guess=0
tests/projects	tests/tests/projects/generic_name_collision/tests/widget_test.cryo	46	44	scope	Widget	guess=0
tests/projects	tests/tests/projects/impl_concrete_arg_filters_impl/src/main.cryo	21	34	ident	Wrap	guess=0
tests/projects	tests/tests/projects/impl_concrete_arg_filters_impl/src/main.cryo	22	34	ident	Wrap	guess=0
tests/projects	tests/tests/projects/impl_concrete_arg_selects_impl/src/main.cryo	24	34	ident	Wrap	guess=0
tests/projects	tests/tests/projects/impl_concrete_arg_selects_impl/src/main.cryo	25	34	ident	Wrap	guess=0
tests/projects	tests/tests/projects/impl_qualified_call/src/main.cryo	54	26	ident	Wrap	guess=0
tests/projects	tests/tests/projects/impl_qualified_call/src/main.cryo	59	22	ident	beta_of	guess=0
tests/projects	tests/tests/projects/impl_qualified_call/src/main.cryo	60	22	ident	gamma_of	guess=0
tests/projects	tests/tests/projects/inherent_method_over_trait/src/main.cryo	67	14	member	go	guess=0
tests/projects	tests/tests/projects/inherent_method_over_trait/src/main.cryo	78	26	ident	GnTf	guess=0
tests/projects	tests/tests/projects/inherent_method_over_trait/src/main.cryo	79	26	ident	GnIf	guess=0
tests/projects	tests/tests/projects/inherent_method_over_trait/src/main.cryo	80	26	ident	GgTf	guess=0
tests/projects	tests/tests/projects/inherent_method_over_trait/src/main.cryo	81	26	ident	GgIf	guess=0
tests/projects	tests/tests/projects/inherent_method_over_trait/src/main.cryo	87	11	member	go	guess=0
tests/projects	tests/tests/projects/inherent_method_over_trait/src/main.cryo	87	25	member	go	guess=0
tests/projects	tests/tests/projects/inherent_method_over_trait/src/main.cryo	87	39	member	go	guess=0
tests/projects	tests/tests/projects/inherent_method_over_trait/src/main.cryo	87	53	member	go	guess=0
tests/projects	tests/tests/projects/inherent_method_over_trait/src/main.cryo	88	9	ident	via_bound_g	guess=0
tests/projects	tests/tests/projects/inherent_method_over_trait/src/main.cryo	88	37	ident	via_bound	guess=0
tests/projects	tests/tests/projects/inherent_owner_leaf_collision/src/generic.cryo	9	16	ident	Pair	guess=0
tests/projects	tests/tests/projects/inherent_owner_leaf_collision/src/main.cryo	8	26	ident	Pair	guess=1
tests/projects	tests/tests/projects/inherent_owner_leaf_collision/src/main.cryo	11	22	member	scale	guess=0
tests/projects	tests/tests/projects/inherent_owner_leaf_collision/src/main.cryo	13	22	member	scale	guess=0
tests/projects	tests/tests/projects/inline_generic_bound/src/main.cryo	50	12	ident	tag_of	guess=0
tests/projects	tests/tests/projects/module_qualified_static_call/src/widget/deque.cryo	29	43	ident	Slot	guess=0
tests/projects	tests/tests/projects/module_qualified_static_call/src/widget/deque.cryo	39	12	ident	Slot	guess=0
tests/projects	tests/tests/projects/module_qualified_static_call/tests/generic_owner_test.cryo	25	40	scope	Slot	guess=0
tests/projects	tests/tests/projects/module_qualified_static_call/tests/generic_owner_test.cryo	34	12	scope	Slot	guess=0
tests/projects	tests/tests/projects/module_qualified_static_call/tests/generic_owner_test.cryo	40	37	scope	Slot	guess=0
tests/projects	tests/tests/projects/module_qualified_static_call/tests/generic_owner_test.cryo	45	36	scope	Slot	guess=0
tests/projects	tests/tests/projects/module_qualified_static_call/tests/generic_owner_test.cryo	53	27	scope	Slot	guess=0
tests/projects	tests/tests/projects/module_qualified_static_call/tests/generic_owner_test.cryo	71	19	scope	Slot	guess=0
tests/projects	tests/tests/projects/namespace_gate/src/orphan.cryo	37	16	ident	Crate	guess=1
tests/projects	tests/tests/projects/namespace_gate/src/orphan.cryo	43	12	ident	Crate	guess=1
tests/projects	tests/tests/projects/namespace_gate/src/porter.cryo	15	12	ident	Crate	guess=1
tests/projects	tests/tests/projects/namespace_gate/src/porter.cryo	20	34	scope	Crate	guess=0
tests/projects	tests/tests/projects/plural_leaf_gate/src/orphan.cryo	17	16	ident	Widget	guess=1
tests/projects	tests/tests/projects/plural_leaf_gate/src/orphan.cryo	23	12	ident	Widget	guess=1
tests/projects	tests/tests/projects/resolution_leaf_index/tests/importer.cryo	33	44	scope	Widget	guess=0
tests/projects	tests/tests/projects/resolution_leaf_index/tests/leaf_index_test.cryo	49	37	scope	Widget	guess=0
tests/projects	tests/tests/projects/resolution_leaf_index/tests/leaf_index_test.cryo	51	37	scope	Widget	guess=0
tests/projects	tests/tests/projects/resolution_tripwire/tests/tripwire_test.cryo	138	36	scope	Crate	guess=0
tests/projects	tests/tests/projects/type_where_bound_inferred/src/main.cryo	9	45	ident	Holder	guess=0
tests/unit	tests/tests/stdlib/alloc_realloc_align.cryo	33	33	ident	Array	guess=1
tests/unit	tests/tests/stdlib/api_convergence.cryo	324	27	ident	HashSet	guess=1
tests/unit	tests/tests/stdlib/api_convergence.cryo	485	32	ident	Array	guess=1
tests/unit	tests/tests/stdlib/api_convergence.cryo	487	32	ident	HashMap	guess=1
tests/unit	tests/tests/stdlib/array.cryo	327	25	ident	Array	guess=1
tests/unit	tests/tests/stdlib/array.cryo	336	25	ident	Array	guess=1
tests/unit	tests/tests/stdlib/array.cryo	350	25	ident	Array	guess=1
tests/unit	tests/tests/stdlib/array.cryo	354	28	ident	Array	guess=1
tests/unit	tests/tests/stdlib/array.cryo	365	25	ident	Array	guess=1
tests/unit	tests/tests/stdlib/array.cryo	369	28	ident	Array	guess=1
tests/unit	tests/tests/stdlib/array.cryo	381	25	ident	Array	guess=1
tests/unit	tests/tests/stdlib/array.cryo	386	28	ident	Array	guess=1
tests/unit	tests/tests/stdlib/array.cryo	400	25	ident	Array	guess=1
tests/unit	tests/tests/stdlib/array.cryo	428	25	ident	Array	guess=1
tests/unit	tests/tests/stdlib/array.cryo	433	28	ident	Array	guess=1
tests/unit	tests/tests/stdlib/array.cryo	452	25	ident	Array	guess=1
tests/unit	tests/tests/stdlib/array.cryo	455	28	ident	Array	guess=1
tests/unit	tests/tests/stdlib/array.cryo	472	24	ident	Array	guess=1
tests/unit	tests/tests/stdlib/array.cryo	507	24	ident	Array	guess=1
tests/unit	tests/tests/stdlib/async_branch_owning_local.cryo	60	28	ident	Array	guess=1
tests/unit	tests/tests/stdlib/async_stress_shapes.cryo	62	35	ident	Array	guess=1
tests/unit	tests/tests/stdlib/async_stress_shapes.cryo	75	30	ident	PendingThenReady	guess=1
tests/unit	tests/tests/stdlib/async_stress_shapes.cryo	82	30	ident	PendingThenReady	guess=1
tests/unit	tests/tests/stdlib/async_stress_shapes.cryo	126	16	ident	Holder	guess=0
tests/unit	tests/tests/stdlib/async_stress_shapes.cryo	130	30	ident	PendingThenReady	guess=1
tests/unit	tests/tests/stdlib/async_stress_shapes.cryo	156	30	ident	PendingThenReady	guess=1
tests/unit	tests/tests/stdlib/async_stress_shapes.cryo	167	18	ident	PendingThenReady	guess=1
tests/unit	tests/tests/stdlib/async_stress_shapes.cryo	186	26	ident	PendingThenReady	guess=1
tests/unit	tests/tests/stdlib/async_stress_shapes.cryo	706	26	ident	Holder	guess=0
tests/unit	tests/tests/stdlib/async_stress_shapes.cryo	722	26	ident	Holder	guess=0
tests/unit	tests/tests/stdlib/async_stress_shapes.cryo	736	26	ident	Holder	guess=0
tests/unit	tests/tests/stdlib/async_stress_shapes.cryo	833	26	ident	Ready	guess=1
tests/unit	tests/tests/stdlib/async_stress_shapes.cryo	838	26	ident	Ready	guess=1
tests/unit	tests/tests/stdlib/async_stress_shapes.cryo	844	26	ident	Ready	guess=1
tests/unit	tests/tests/stdlib/async_stress_shapes.cryo	918	26	ident	PendingThenReady	guess=1
tests/unit	tests/tests/stdlib/async_stress_shapes.cryo	1031	27	ident	PendingThenReady	guess=1
tests/unit	tests/tests/stdlib/async_stress_shapes.cryo	1038	27	ident	PendingThenReady	guess=1
tests/unit	tests/tests/stdlib/async_stress_shapes.cryo	1048	23	ident	PendingThenReady	guess=1
tests/unit	tests/tests/stdlib/async_stress_shapes.cryo	1051	27	ident	PendingThenReady	guess=1
tests/unit	tests/tests/stdlib/async_stress_shapes.cryo	1059	27	ident	PendingThenReady	guess=1
tests/unit	tests/tests/stdlib/async_stress_shapes.cryo	1109	28	ident	Array	guess=1
tests/unit	tests/tests/stdlib/async_stress_shapes.cryo	1128	27	ident	PendingThenReady	guess=1
tests/unit	tests/tests/stdlib/async_stress_shapes.cryo	1143	27	ident	PendingThenReady	guess=1
tests/unit	tests/tests/stdlib/async_stress_shapes.cryo	1244	26	ident	Array	guess=1
tests/unit	tests/tests/stdlib/async_stress_shapes.cryo	1289	27	ident	PendingThenReady	guess=1
tests/unit	tests/tests/stdlib/clone_owned.cryo	62	28	ident	Array	guess=1
tests/unit	tests/tests/stdlib/clone_owned.cryo	104	38	ident	HashMap	guess=1
tests/unit	tests/tests/stdlib/cmp.cryo	272	27	scope	transmute	guess=0
tests/unit	tests/tests/stdlib/cmp.cryo	285	27	scope	transmute	guess=0
tests/unit	tests/tests/stdlib/cmp.cryo	286	28	scope	transmute	guess=0
tests/unit	tests/tests/stdlib/cmp.cryo	330	27	scope	transmute	guess=0
tests/unit	tests/tests/stdlib/cmp.cryo	341	27	scope	transmute	guess=0
tests/unit	tests/tests/stdlib/cmp.cryo	342	27	scope	transmute	guess=0
tests/unit	tests/tests/stdlib/cmp.cryo	358	27	scope	transmute	guess=0
tests/unit	tests/tests/stdlib/cmp.cryo	359	28	scope	transmute	guess=0
tests/unit	tests/tests/stdlib/fmt.cryo	642	25	ident	Array	guess=1
tests/unit	tests/tests/stdlib/fmt.cryo	656	33	ident	Array	guess=1
tests/unit	tests/tests/stdlib/fmt_print_family.cryo	211	26	ident	Array	guess=1
tests/unit	tests/tests/stdlib/fstring.cryo	125	25	ident	Array	guess=1
tests/unit	tests/tests/stdlib/future_blocking.cryo	118	49	scope	of	guess=0
tests/unit	tests/tests/stdlib/future_blocking.cryo	126	35	scope	of	guess=0
tests/unit	tests/tests/stdlib/future_blocking.cryo	127	38	member	cast	guess=0
tests/unit	tests/tests/stdlib/future_blocking.cryo	131	17	ident	Atomic	guess=1
tests/unit	tests/tests/stdlib/future_blocking.cryo	143	35	scope	of	guess=0
tests/unit	tests/tests/stdlib/future_blocking.cryo	144	38	member	cast	guess=0
tests/unit	tests/tests/stdlib/future_blocking.cryo	147	10	ident	Atomic	guess=1
tests/unit	tests/tests/stdlib/future_blocking.cryo	153	54	scope	of	guess=0
tests/unit	tests/tests/stdlib/future_combinator.cryo	369	31	ident	GenLayer	guess=0
tests/unit	tests/tests/stdlib/future_combinator.cryo	370	39	ident	Array	guess=1
tests/unit	tests/tests/stdlib/future_combinator.cryo	376	31	ident	GenLayer	guess=0
tests/unit	tests/tests/stdlib/future_combinator.cryo	377	39	ident	Array	guess=1
tests/unit	tests/tests/stdlib/future_executor.cryo	53	17	scope	spawn	guess=0
tests/unit	tests/tests/stdlib/future_executor.cryo	73	26	ident	Ready	guess=1
tests/unit	tests/tests/stdlib/future_executor.cryo	77	26	ident	Ready	guess=1
tests/unit	tests/tests/stdlib/http_buffered_parse.cryo	61	28	ident	Array	guess=1
tests/unit	tests/tests/stdlib/http_buffered_parse.cryo	71	58	ident	Array	guess=1
tests/unit	tests/tests/stdlib/http_buffered_parse.cryo	142	38	ident	BufStream	guess=1
tests/unit	tests/tests/stdlib/http_buffered_parse.cryo	159	9	ident	BufStream	guess=1
tests/unit	tests/tests/stdlib/io_async_traits.cryo	54	28	ident	Array	guess=1
tests/unit	tests/tests/stdlib/io_async_traits.cryo	64	51	ident	Array	guess=1
tests/unit	tests/tests/stdlib/io_async_traits.cryo	96	34	ident	PendingThenReady	guess=1
tests/unit	tests/tests/stdlib/io_async_traits.cryo	113	16	ident	Slice	guess=1
tests/unit	tests/tests/stdlib/io_async_traits.cryo	130	32	ident	Array	guess=1
tests/unit	tests/tests/stdlib/io_async_traits.cryo	130	56	ident	Array	guess=1
tests/unit	tests/tests/stdlib/io_async_traits.cryo	143	34	ident	PendingThenReady	guess=1
tests/unit	tests/tests/stdlib/io_async_traits.cryo	354	40	ident	MockLayer	guess=0
tests/unit	tests/tests/stdlib/io_async_traits.cryo	380	17	member	queue	guess=0
tests/unit	tests/tests/stdlib/io_async_traits.cryo	381	17	member	queue	guess=0
tests/unit	tests/tests/stdlib/io_async_traits.cryo	382	17	member	queue	guess=0
tests/unit	tests/tests/stdlib/io_async_traits.cryo	383	17	member	queue	guess=0
tests/unit	tests/tests/stdlib/io_async_traits.cryo	403	23	member	send	guess=0
tests/unit	tests/tests/stdlib/io_async_traits.cryo	404	23	member	send	guess=0
tests/unit	tests/tests/stdlib/io_async_traits.cryo	405	23	member	send	guess=0
tests/unit	tests/tests/stdlib/io_async_traits.cryo	450	17	member	queue	guess=0
tests/unit	tests/tests/stdlib/io_async_traits.cryo	451	17	member	queue	guess=0
tests/unit	tests/tests/stdlib/io_cursor.cryo	80	33	ident	Array	guess=1
tests/unit	tests/tests/stdlib/io_stdio_lock.cryo	32	22	ident	Slice	guess=1
tests/unit	tests/tests/stdlib/iter.cryo	396	22	ident	Range	guess=1
tests/unit	tests/tests/stdlib/iter.cryo	404	22	ident	Range	guess=1
tests/unit	tests/tests/stdlib/iter.cryo	428	22	ident	Range	guess=1
tests/unit	tests/tests/stdlib/iter.cryo	457	15	ident	Range	guess=1
tests/unit	tests/tests/stdlib/iter.cryo	459	15	ident	Range	guess=1
tests/unit	tests/tests/stdlib/iter.cryo	888	39	ident	Range	guess=1
tests/unit	tests/tests/stdlib/iter.cryo	985	38	ident	Range	guess=1
tests/unit	tests/tests/stdlib/iter.cryo	1001	38	ident	Range	guess=1
tests/unit	tests/tests/stdlib/iter_where_generic.cryo	45	37	ident	Pair	guess=1
tests/unit	tests/tests/stdlib/iter_where_generic.cryo	55	25	ident	Range	guess=1
tests/unit	tests/tests/stdlib/iter_where_generic.cryo	56	34	ident	DupIter	guess=0
tests/unit	tests/tests/stdlib/json.cryo	60	26	member	as	guess=0
tests/unit	tests/tests/stdlib/json.cryo	76	26	member	as	guess=0
tests/unit	tests/tests/stdlib/json.cryo	93	26	member	as	guess=0
tests/unit	tests/tests/stdlib/json.cryo	110	26	member	as	guess=0
tests/unit	tests/tests/stdlib/json.cryo	127	26	member	as	guess=0
tests/unit	tests/tests/stdlib/json.cryo	194	38	member	as	guess=0
tests/unit	tests/tests/stdlib/json.cryo	332	26	member	as	guess=0
tests/unit	tests/tests/stdlib/json.cryo	416	31	member	as	guess=0
tests/unit	tests/tests/stdlib/math.cryo	165	28	scope	clamp	guess=0
tests/unit	tests/tests/stdlib/math.cryo	170	28	scope	min	guess=0
tests/unit	tests/tests/stdlib/math.cryo	177	28	scope	abs	guess=0
tests/unit	tests/tests/stdlib/math.cryo	183	28	scope	abs	guess=0
tests/unit	tests/tests/stdlib/math.cryo	229	32	scope	transmute	guess=0
tests/unit	tests/tests/stdlib/math.cryo	258	36	scope	transmute	guess=0
tests/unit	tests/tests/stdlib/math.cryo	271	27	scope	transmute	guess=0
tests/unit	tests/tests/stdlib/math.cryo	493	32	scope	transmute	guess=0
tests/unit	tests/tests/stdlib/math.cryo	505	32	scope	transmute	guess=0
tests/unit	tests/tests/stdlib/math.cryo	541	25	scope	transmute	guess=0
tests/unit	tests/tests/stdlib/math.cryo	542	25	scope	transmute	guess=0
tests/unit	tests/tests/stdlib/math.cryo	543	32	scope	transmute	guess=0
tests/unit	tests/tests/stdlib/net_dns.cryo	89	53	ident	Array	guess=1
tests/unit	tests/tests/stdlib/net_http2.cryo	111	27	ident	Array	guess=1
tests/unit	tests/tests/stdlib/net_http2.cryo	189	27	ident	Array	guess=1
tests/unit	tests/tests/stdlib/net_http2.cryo	227	9	ident	Http2Connection	guess=1
tests/unit	tests/tests/stdlib/net_http2.cryo	227	48	ident	BufStream	guess=1
tests/unit	tests/tests/stdlib/net_http2.cryo	269	9	ident	Http2Connection	guess=1
tests/unit	tests/tests/stdlib/net_http2.cryo	269	48	ident	BufStream	guess=1
tests/unit	tests/tests/stdlib/net_http2.cryo	301	9	ident	Http2Connection	guess=1
tests/unit	tests/tests/stdlib/net_http2.cryo	301	48	ident	BufStream	guess=1
tests/unit	tests/tests/stdlib/net_http2_hpack.cryo	33	26	ident	Array	guess=1
tests/unit	tests/tests/stdlib/net_http2_hpack.cryo	139	24	ident	Array	guess=1
tests/unit	tests/tests/stdlib/net_http2_hpack.cryo	147	24	ident	Array	guess=1
tests/unit	tests/tests/stdlib/net_http2_hpack.cryo	204	25	ident	Array	guess=1
tests/unit	tests/tests/stdlib/net_http2_hpack.cryo	224	25	ident	Array	guess=1
tests/unit	tests/tests/stdlib/net_http2_hpack.cryo	251	24	ident	Array	guess=1
tests/unit	tests/tests/stdlib/net_http2_hpack.cryo	266	25	ident	Array	guess=1
tests/unit	tests/tests/stdlib/net_http_conn.cryo	84	28	ident	Array	guess=1
tests/unit	tests/tests/stdlib/net_http_conn.cryo	94	58	ident	Array	guess=1
tests/unit	tests/tests/stdlib/net_http_conn.cryo	169	9	ident	BufStream	guess=1
tests/unit	tests/tests/stdlib/net_http_conn.cryo	210	38	ident	BufStream	guess=1
tests/unit	tests/tests/stdlib/net_http_conn.cryo	231	38	ident	BufStream	guess=1
tests/unit	tests/tests/stdlib/net_http_conn.cryo	254	9	ident	BufStream	guess=1
tests/unit	tests/tests/stdlib/net_http_conn.cryo	258	30	ident	Array	guess=1
tests/unit	tests/tests/stdlib/net_http_conn.cryo	267	30	ident	Array	guess=1
tests/unit	tests/tests/stdlib/net_http_conn.cryo	273	9	ident	BufStream	guess=1
tests/unit	tests/tests/stdlib/net_http_conn.cryo	317	35	ident	BufStream	guess=1
tests/unit	tests/tests/stdlib/net_http_conn.cryo	348	35	ident	BufStream	guess=1
tests/unit	tests/tests/stdlib/net_http_response_cap.cryo	51	28	ident	Array	guess=1
tests/unit	tests/tests/stdlib/net_http_response_cap.cryo	96	38	ident	BufStream	guess=1
tests/unit	tests/tests/stdlib/net_http_server.cryo	95	35	ident	BufStream	guess=1
tests/unit	tests/tests/stdlib/net_http_server.cryo	222	35	ident	BufStream	guess=1
tests/unit	tests/tests/stdlib/net_http_server.cryo	279	35	ident	BufStream	guess=1
tests/unit	tests/tests/stdlib/net_https.cryo	112	35	ident	BufStream	guess=1
tests/unit	tests/tests/stdlib/net_tcp.cryo	75	35	ident	BufStream	guess=1
tests/unit	tests/tests/stdlib/net_tcp.cryo	83	14	member	queue	guess=0
tests/unit	tests/tests/stdlib/net_tcp.cryo	94	35	ident	BufStream	guess=1
tests/unit	tests/tests/stdlib/net_tcp.cryo	96	14	member	queue	guess=0
tests/unit	tests/tests/stdlib/net_tcp_async.cryo	62	27	ident	Array	guess=1
tests/unit	tests/tests/stdlib/net_tcp_async.cryo	92	26	ident	Array	guess=1
tests/unit	tests/tests/stdlib/net_tcp_async.cryo	107	27	ident	Array	guess=1
tests/unit	tests/tests/stdlib/net_tcp_async.cryo	159	27	ident	Array	guess=1
tests/unit	tests/tests/stdlib/net_tcp_conn.cryo	84	35	ident	BufStream	guess=1
tests/unit	tests/tests/stdlib/net_tcp_conn.cryo	103	14	member	queue	guess=0
tests/unit	tests/tests/stdlib/net_tcp_conn.cryo	104	14	member	queue	guess=0
tests/unit	tests/tests/stdlib/net_tcp_conn.cryo	114	35	ident	BufStream	guess=1
tests/unit	tests/tests/stdlib/net_tcp_conn.cryo	116	14	member	queue	guess=0
tests/unit	tests/tests/stdlib/net_tcp_conn.cryo	164	35	ident	BufStream	guess=1
tests/unit	tests/tests/stdlib/net_tcp_conn.cryo	165	14	member	queue	guess=0
tests/unit	tests/tests/stdlib/net_tcp_conn.cryo	179	35	ident	BufStream	guess=1
tests/unit	tests/tests/stdlib/net_tcp_conn.cryo	220	35	ident	BufStream	guess=1
tests/unit	tests/tests/stdlib/net_tcp_conn.cryo	224	18	member	queue	guess=0
tests/unit	tests/tests/stdlib/net_tcp_conn.cryo	246	35	ident	BufStream	guess=1
tests/unit	tests/tests/stdlib/net_tcp_conn.cryo	265	14	member	queue	guess=0
tests/unit	tests/tests/stdlib/net_tls_async.cryo	75	27	ident	Array	guess=1
tests/unit	tests/tests/stdlib/net_tls_async.cryo	117	26	ident	Array	guess=1
tests/unit	tests/tests/stdlib/net_tls_async.cryo	128	27	ident	Array	guess=1
tests/unit	tests/tests/stdlib/net_tls_conn.cryo	101	35	ident	BufStream	guess=1
tests/unit	tests/tests/stdlib/net_tls_conn.cryo	118	14	member	queue	guess=0
tests/unit	tests/tests/stdlib/net_tls_conn.cryo	119	14	member	queue	guess=0
tests/unit	tests/tests/stdlib/net_tls_conn.cryo	142	35	ident	BufStream	guess=1
tests/unit	tests/tests/stdlib/net_tls_conn.cryo	144	14	member	queue	guess=0
tests/unit	tests/tests/stdlib/net_udp.cryo	48	24	ident	Array	guess=1
tests/unit	tests/tests/stdlib/net_udp.cryo	55	24	ident	Array	guess=1
tests/unit	tests/tests/stdlib/net_udp.cryo	64	24	ident	Array	guess=1
tests/unit	tests/tests/stdlib/net_udp.cryo	167	28	ident	Array	guess=1
tests/unit	tests/tests/stdlib/net_udp.cryo	228	26	ident	Array	guess=1
tests/unit	tests/tests/stdlib/net_ws.cryo	263	35	ident	BufStream	guess=1
tests/unit	tests/tests/stdlib/net_ws.cryo	311	36	ident	WebSocket	guess=1
tests/unit	tests/tests/stdlib/pair.cryo	74	31	ident	Pair	guess=1
tests/unit	tests/tests/stdlib/pair.cryo	210	18	ident	Pair	guess=1
tests/unit	tests/tests/stdlib/pair.cryo	211	18	ident	Pair	guess=1
tests/unit	tests/tests/stdlib/pair.cryo	212	18	ident	Pair	guess=1
tests/unit	tests/tests/stdlib/process_command.cryo	196	18	scope	swap	guess=0
tests/unit	tests/tests/stdlib/random.cryo	116	24	member	next	guess=0
tests/unit	tests/tests/stdlib/random.cryo	117	24	member	next	guess=0
tests/unit	tests/tests/stdlib/random.cryo	118	24	member	next	guess=0
tests/unit	tests/tests/stdlib/random.cryo	119	24	member	next	guess=0
tests/unit	tests/tests/stdlib/random.cryo	136	26	member	next	guess=0
tests/unit	tests/tests/stdlib/rc.cryo	232	28	ident	Weak	guess=1
tests/unit	tests/tests/stdlib/sync_arc.cryo	149	39	ident	Array	guess=1
tests/unit	tests/tests/stdlib/sync_arc.cryo	284	28	ident	Weak	guess=1
tests/unit	tests/tests/stdlib/sync_atomic.cryo	27	25	ident	Atomic	guess=1
tests/unit	tests/tests/stdlib/sync_atomic.cryo	39	25	ident	Atomic	guess=1
tests/unit	tests/tests/stdlib/sync_atomic.cryo	52	25	ident	Atomic	guess=1
tests/unit	tests/tests/stdlib/sync_atomic.cryo	69	25	ident	Atomic	guess=1
tests/unit	tests/tests/stdlib/sync_atomic.cryo	86	25	ident	Atomic	guess=1
tests/unit	tests/tests/stdlib/sync_atomic.cryo	124	25	ident	Atomic	guess=1
tests/unit	tests/tests/stdlib/sync_atomic.cryo	141	25	ident	Atomic	guess=1
tests/unit	tests/tests/stdlib/sync_atomic.cryo	166	25	ident	Atomic	guess=1
tests/unit	tests/tests/stdlib/sync_atomic.cryo	194	26	ident	Atomic	guess=1
tests/unit	tests/tests/stdlib/sync_atomic.cryo	207	26	ident	Atomic	guess=1
tests/unit	tests/tests/stdlib/sync_atomic.cryo	221	26	ident	Atomic	guess=1
tests/unit	tests/tests/stdlib/sync_atomic.cryo	240	26	ident	Atomic	guess=1
tests/unit	tests/tests/stdlib/sync_atomic.cryo	256	26	ident	Atomic	guess=1
tests/unit	tests/tests/stdlib/sync_atomic.cryo	271	26	ident	Atomic	guess=1
tests/unit	tests/tests/stdlib/sync_atomic.cryo	299	26	ident	Atomic	guess=1
tests/unit	tests/tests/stdlib/sync_atomic.cryo	317	26	ident	Atomic	guess=1
tests/unit	tests/tests/stdlib/sync_atomic.cryo	330	26	ident	Atomic	guess=1
tests/unit	tests/tests/stdlib/sync_atomic.cryo	345	30	ident	Atomic	guess=1
tests/unit	tests/tests/stdlib/sync_atomic.cryo	356	30	ident	Atomic	guess=1
tests/unit	tests/tests/stdlib/sync_atomic.cryo	368	30	ident	Atomic	guess=1
tests/unit	tests/tests/stdlib/sync_mpsc.cryo	45	35	scope	channel	guess=0
tests/unit	tests/tests/stdlib/sync_mpsc.cryo	63	35	scope	channel	guess=0
tests/unit	tests/tests/stdlib/sync_mpsc.cryo	96	35	scope	channel	guess=0
tests/unit	tests/tests/stdlib/sync_mpsc.cryo	120	35	scope	channel	guess=0
tests/unit	tests/tests/stdlib/test_fixture_static_dispatch.cryo	54	27	ident	acquire	guess=0
tests/unit	tests/tests/stdlib/thread_builder.cryo	85	32	member	spawn	guess=0
tests/unit	tests/tests/stdlib/thread_builder.cryo	96	10	member	spawn	guess=0
tests/unit	tests/tests/stdlib/thread_builder.cryo	108	10	member	spawn	guess=0
tests/unit	tests/tests/stdlib/thread_builder.cryo	145	46	member	try_spawn	guess=0
tests/unit	tests/tests/stdlib/thread_local.cryo	51	32	ident	ThreadLocal	guess=1
tests/unit	tests/tests/stdlib/thread_local.cryo	76	32	ident	ThreadLocal	guess=1
tests/unit	tests/tests/stdlib/thread_local.cryo	92	32	ident	ThreadLocal	guess=1
tests/unit	tests/tests/stdlib/thread_local.cryo	108	32	ident	ThreadLocal	guess=1
tests/unit	tests/tests/stdlib/thread_local.cryo	130	32	ident	ThreadLocal	guess=1
tests/unit	tests/tests/stdlib/thread_local.cryo	151	38	ident	ThreadLocal	guess=1
tests/unit	tests/tests/stdlib/varargs.cryo	42	23	member	next	guess=0
tests/unit	tests/tests/stdlib/varargs.cryo	43	23	member	next	guess=0
tests/unit	tests/tests/stdlib/varargs.cryo	119	23	member	next	guess=0
tests/unit	tests/tests/stdlib/varargs.cryo	120	23	member	next	guess=0
tests/unit	tests/tests/stdlib/varargs.cryo	121	26	member	next	guess=0
tests/unit	tests/tests/stdlib/varargs.cryo	122	23	member	next	guess=0
tools/CryoLSP	tools/CryoLSP/src/handlers/code_action.cryo	31	44	ident	Array	guess=1
tools/CryoLSP	tools/CryoLSP/src/handlers/code_action.cryo	116	38	member	as	guess=0
tools/CryoLSP	tools/CryoLSP/src/handlers/code_action.cryo	130	38	member	as	guess=0
tools/CryoLSP	tools/CryoLSP/src/handlers/code_action.cryo	200	31	member	as	guess=0
tools/CryoLSP	tools/CryoLSP/src/handlers/code_action.cryo	206	36	member	as	guess=0
tools/CryoLSP	tools/CryoLSP/src/handlers/code_action.cryo	232	46	ident	Array	guess=1
tools/CryoLSP	tools/CryoLSP/src/handlers/code_action.cryo	253	34	member	as	guess=0
tools/CryoLSP	tools/CryoLSP/src/handlers/code_action.cryo	286	29	member	as	guess=0
tools/CryoLSP	tools/CryoLSP/src/handlers/code_action.cryo	303	45	ident	Array	guess=1
tools/CryoLSP	tools/CryoLSP/src/handlers/code_lens.cryo	49	43	ident	Array	guess=1
tools/CryoLSP	tools/CryoLSP/src/handlers/code_lens.cryo	195	45	ident	Array	guess=1
tools/CryoLSP	tools/CryoLSP/src/handlers/code_lens.cryo	201	45	ident	Array	guess=1
tools/CryoLSP	tools/CryoLSP/src/handlers/code_lens.cryo	255	38	member	as	guess=0
tools/CryoLSP	tools/CryoLSP/src/handlers/code_lens.cryo	276	45	ident	Array	guess=1
tools/CryoLSP	tools/CryoLSP/src/handlers/completion.cryo	106	51	member	as	guess=0
tools/CryoLSP	tools/CryoLSP/src/handlers/completion.cryo	246	42	ident	Array	guess=1
tools/CryoLSP	tools/CryoLSP/src/handlers/completion.cryo	624	46	ident	Array	guess=1
tools/CryoLSP	tools/CryoLSP/src/handlers/definition.cryo	76	51	member	as	guess=0
tools/CryoLSP	tools/CryoLSP/src/handlers/diagnostics.cryo	60	59	ident	Array	guess=1
tools/CryoLSP	tools/CryoLSP/src/handlers/hover.cryo	100	51	member	as	guess=0
tools/CryoLSP	tools/CryoLSP/src/handlers/inactive_regions.cryo	68	13	ident	Array	guess=1
tools/CryoLSP	tools/CryoLSP/src/handlers/inactive_regions.cryo	93	55	ident	Array	guess=1
tools/CryoLSP	tools/CryoLSP/src/handlers/lifecycle.cryo	32	26	member	as	guess=0
tools/CryoLSP	tools/CryoLSP/src/handlers/lifecycle.cryo	84	62	member	as	guess=0
tools/CryoLSP	tools/CryoLSP/src/handlers/lifecycle.cryo	142	49	ident	Array	guess=1
tools/CryoLSP	tools/CryoLSP/src/handlers/rendered_diagnostic.cryo	37	25	member	as	guess=0
tools/CryoLSP	tools/CryoLSP/src/handlers/semantic_tokens.cryo	128	31	ident	Array	guess=1
tools/CryoLSP	tools/CryoLSP/src/handlers/semantic_tokens.cryo	1650	51	member	as	guess=0
tools/CryoLSP	tools/CryoLSP/src/handlers/text_sync.cryo	177	26	member	as	guess=0
tools/CryoLSP	tools/CryoLSP/src/protocol/conv.cryo	235	44	ident	Array	guess=1
tools/CryoLSP	tools/CryoLSP/src/protocol/conv.cryo	297	44	ident	Array	guess=1
tools/CryoLSP	tools/CryoLSP/src/protocol/conv.cryo	321	44	ident	Array	guess=1
tools/CryoLSP	tools/CryoLSP/src/protocol/conv.cryo	387	13	ident	Array	guess=1
tools/CryoLSP	tools/CryoLSP/src/protocol/conv.cryo	411	44	ident	Array	guess=1
tools/CryoLSP	tools/CryoLSP/src/protocol/jsonrpc.cryo	218	26	member	as	guess=0
tools/CryoLSP	tools/CryoLSP/src/protocol/jsonrpc.cryo	230	26	member	as	guess=0
tools/CryoLSP	tools/CryoLSP/src/protocol/jsonrpc.cryo	261	52	ident	Array	guess=1
tools/CryoLSP	tools/CryoLSP/src/protocol/semantic_tokens.cryo	109	44	ident	Array	guess=1
tools/CryoLSP	tools/CryoLSP/src/protocol/semantic_tokens.cryo	136	44	ident	Array	guess=1
tools/CryoLSP	tools/CryoLSP/src/protocol/semantic_tokens.cryo	169	44	ident	Array	guess=1
tools/CryoLSP	tools/CryoLSP/src/protocol/semantic_tokens.cryo	216	44	ident	Array	guess=1
tools/CryoLSP	tools/CryoLSP/src/server/diag_render_cache.cryo	49	26	ident	HashMap	guess=1
tools/CryoLSP	tools/CryoLSP/src/server/diag_render_cache.cryo	50	26	ident	HashMap	guess=1
tools/CryoLSP	tools/CryoLSP/src/server/diag_render_cache.cryo	84	55	ident	Array	guess=1
tools/CryoLSP	tools/CryoLSP/src/server/docs.cryo	57	31	ident	HashMap	guess=1
tools/CryoLSP	tools/CryoLSP/src/server/line_index.cryo	40	34	ident	Array	guess=1
tools/CryoLSP	tools/CryoLSP/src/server/session.cryo	199	50	ident	Box	guess=1
tools/CryoLSP	tools/CryoLSP/src/server/session.cryo	221	13	ident	Box	guess=1
tools/CryoLSP	tools/CryoLSP/src/server/session.cryo	273	25	ident	HashMap	guess=1
tools/CryoLSP	tools/CryoLSP/src/server/session.cryo	274	25	ident	Array	guess=1
tools/CryoLSP	tools/CryoLSP/src/server/session.cryo	275	25	ident	Array	guess=1
tools/CryoLSP	tools/CryoLSP/src/server/session.cryo	355	24	ident	Array	guess=1
tools/CryoLSP	tools/CryoLSP/src/server/session.cryo	362	35	ident	Array	guess=1
