================================================================================
warning[W0015]: explicit destructor call; the value is released at scope exit, and an aggregate's fields are released after its own `drop` runs. To release EARLY, write `mem::drop(x)`, which also stops the value being used afterwards. This is a warning while the tree is being cleaned up and will become an error
 --> C:/Programming/apps/CryoLang/stdlib/io/traits.cryo:491:17
     |
 489 |             Result::Ok(_)  => { }
 490 |             Result::Err(_) => {
 491 |                 out.drop();
     |                 ^~~~~~~~~~ explicit destructor call; the value is released at scope exit, and an aggregate's fields are released after its own `drop` runs. To release EARLY, write `mem::drop(x)`, which also stops the value being used afterwards. This is a warning while the tree is being cleaned up and will become an error
 492 |                 return Result::Err(IoError::new(IoErrorKind::OutOfMemory, 0));
 493 |             }
     |

================================================================================
warning[W0015]: explicit destructor call; the value is released at scope exit, and an aggregate's fields are released after its own `drop` runs. To release EARLY, write `mem::drop(x)`, which also stops the value being used afterwards. This is a warning while the tree is being cleaned up and will become an error
 --> C:/Programming/apps/CryoLang/stdlib/io/traits.cryo:582:17
     |
 580 |             Result::Ok(_)  => { }
 581 |             Result::Err(_) => {
 582 |                 out.drop();
     |                 ^~~~~~~~~~ explicit destructor call; the value is released at scope exit, and an aggregate's fields are released after its own `drop` runs. To release EARLY, write `mem::drop(x)`, which also stops the value being used afterwards. This is a warning while the tree is being cleaned up and will become an error
 583 |                 raw.drop();
 584 |                 return Result::Err(IoError::new(IoErrorKind::OutOfMemory, 0));
     |

================================================================================
warning[W0015]: explicit destructor call; the value is released at scope exit, and an aggregate's fields are released after its own `drop` runs. To release EARLY, write `mem::drop(x)`, which also stops the value being used afterwards. This is a warning while the tree is being cleaned up and will become an error
 --> C:/Programming/apps/CryoLang/stdlib/io/traits.cryo:583:17
     |
 581 |             Result::Err(_) => {
 582 |                 out.drop();
 583 |                 raw.drop();
     |                 ^~~~~~~~~~ explicit destructor call; the value is released at scope exit, and an aggregate's fields are released after its own `drop` runs. To release EARLY, write `mem::drop(x)`, which also stops the value being used afterwards. This is a warning while the tree is being cleaned up and will become an error
 584 |                 return Result::Err(IoError::new(IoErrorKind::OutOfMemory, 0));
 585 |             }
     |

================================================================================
warning[W0015]: explicit destructor call; the value is released at scope exit, and an aggregate's fields are released after its own `drop` runs. To release EARLY, write `mem::drop(x)`, which also stops the value being used afterwards. This is a warning while the tree is being cleaned up and will become an error
 --> C:/Programming/apps/CryoLang/stdlib/io/traits.cryo:587:9
     |
 585 |             }
 586 |         }
 587 |         raw.drop();
     |         ^~~~~~~~~~ explicit destructor call; the value is released at scope exit, and an aggregate's fields are released after its own `drop` runs. To release EARLY, write `mem::drop(x)`, which also stops the value being used afterwards. This is a warning while the tree is being cleaned up and will become an error
 588 |         return Result::Ok(out);
 589 |     }
     |

================================================================================
warning[W0015]: explicit destructor call; the value is released at scope exit, and an aggregate's fields are released after its own `drop` runs. To release EARLY, write `mem::drop(x)`, which also stops the value being used afterwards. This is a warning while the tree is being cleaned up and will become an error
 --> C:/Programming/apps/CryoLang/stdlib/collections/hashset.cryo:166:9
     |
 164 | where A: Allocator {
 165 |     drop(mut &this) -> void {
 166 |         this.map.drop();
     |         ^~~~~~~~~~~~~~~ explicit destructor call; the value is released at scope exit, and an aggregate's fields are released after its own `drop` runs. To release EARLY, write `mem::drop(x)`, which also stops the value being used afterwards. This is a warning while the tree is being cleaned up and will become an error
 167 |     }
 168 | }
     |

================================================================================
warning[W0015]: explicit destructor call; the value is released at scope exit, and an aggregate's fields are released after its own `drop` runs. To release EARLY, write `mem::drop(x)`, which also stops the value being used afterwards. This is a warning while the tree is being cleaned up and will become an error
 --> C:/Programming/apps/CryoLang/stdlib/json/error.cryo:98:9
     |
  96 | implement trait Drop for struct JsonError {
  97 |     drop(mut &this) -> void {
  98 |         this.msg.drop();
     |         ^~~~~~~~~~~~~~~ explicit destructor call; the value is released at scope exit, and an aggregate's fields are released after its own `drop` runs. To release EARLY, write `mem::drop(x)`, which also stops the value being used afterwards. This is a warning while the tree is being cleaned up and will become an error
  99 |     }
 100 | }
     |

================================================================================
warning[W0015]: explicit destructor call; the value is released at scope exit, and an aggregate's fields are released after its own `drop` runs. To release EARLY, write `mem::drop(x)`, which also stops the value being used afterwards. This is a warning while the tree is being cleaned up and will become an error
 --> C:/Programming/apps/CryoLang/stdlib/collections/string.cryo:448:9
     |
 446 | where A: Allocator {
 447 |     drop(mut &this) -> void {
 448 |         this.buffer.drop();
     |         ^~~~~~~~~~~~~~~~~~ explicit destructor call; the value is released at scope exit, and an aggregate's fields are released after its own `drop` runs. To release EARLY, write `mem::drop(x)`, which also stops the value being used afterwards. This is a warning while the tree is being cleaned up and will become an error
 449 |         this.length = 0;
 450 |     }
     |

================================================================================
warning[W0015]: explicit destructor call; the value is released at scope exit, and an aggregate's fields are released after its own `drop` runs. To release EARLY, write `mem::drop(x)`, which also stops the value being used afterwards. This is a warning while the tree is being cleaned up and will become an error
 --> C:/Programming/apps/CryoLang/stdlib/fmt/spec.cryo:209:5
     |
 207 |     mut digits: String = radix_digits(val, spec);
 208 |     out.push(digits.as_str());
 209 |     digits.drop();
     |     ^~~~~~~~~~~~~ explicit destructor call; the value is released at scope exit, and an aggregate's fields are released after its own `drop` runs. To release EARLY, write `mem::drop(x)`, which also stops the value being used afterwards. This is a warning while the tree is being cleaned up and will become an error
 210 |     return BodyText { text: out, head_len: head };
 211 | }
     |

================================================================================
warning[W0015]: explicit destructor call; the value is released at scope exit, and an aggregate's fields are released after its own `drop` runs. To release EARLY, write `mem::drop(x)`, which also stops the value being used afterwards. This is a warning while the tree is being cleaned up and will become an error
 --> C:/Programming/apps/CryoLang/stdlib/fmt/spec.cryo:247:78
     |
 245 |     } else {
 246 |         match (format_to_string::<f64>(&val)) {
 247 |             Result::Ok(s)  => { mut tmp: String = s; out.push(tmp.as_str()); tmp.drop(); }
     |                                                                              ^~~~~~~~~~ explicit destructor call; the value is released at scope exit, and an aggregate's fields are released after its own `drop` runs. To release EARLY, write `mem::drop(x)`, which also stops the value being used afterwards. This is a warning while the tree is being cleaned up and will become an error
 248 |             Result::Err(_) => { }
 249 |         }
     |

================================================================================
warning[W0015]: explicit destructor call; the value is released at scope exit, and an aggregate's fields are released after its own `drop` runs. To release EARLY, write `mem::drop(x)`, which also stops the value being used afterwards. This is a warning while the tree is being cleaned up and will become an error
 --> C:/Programming/apps/CryoLang/stdlib/fmt/spec.cryo:262:74
     |
 260 |     mut out: String = String::new();
 261 |     match (format_to_string::<T>(value)) {
 262 |         Result::Ok(s)  => { mut tmp: String = s; out.push(tmp.as_str()); tmp.drop(); }
     |                                                                          ^~~~~~~~~~ explicit destructor call; the value is released at scope exit, and an aggregate's fields are released after its own `drop` runs. To release EARLY, write `mem::drop(x)`, which also stops the value being used afterwards. This is a warning while the tree is being cleaned up and will become an error
 263 |         Result::Err(_) => { }
 264 |     }
     |

================================================================================
warning[W0015]: explicit destructor call; the value is released at scope exit, and an aggregate's fields are released after its own `drop` runs. To release EARLY, write `mem::drop(x)`, which also stops the value being used afterwards. This is a warning while the tree is being cleaned up and will become an error
 --> C:/Programming/apps/CryoLang/stdlib/fmt/spec.cryo:270:13
     |
 268 |             mut shorter: String = String::new();
 269 |             shorter.push(truncated);
 270 |             out.drop();
     |             ^~~~~~~~~~ explicit destructor call; the value is released at scope exit, and an aggregate's fields are released after its own `drop` runs. To release EARLY, write `mem::drop(x)`, which also stops the value being used afterwards. This is a warning while the tree is being cleaned up and will become an error
 271 |             out = shorter;
 272 |         }
     |

================================================================================
warning[W0015]: explicit destructor call; the value is released at scope exit, and an aggregate's fields are released after its own `drop` runs. To release EARLY, write `mem::drop(x)`, which also stops the value being used afterwards. This is a warning while the tree is being cleaned up and will become an error
 --> C:/Programming/apps/CryoLang/stdlib/fmt/spec.cryo:285:31
     |
 283 | 
 284 | implement trait Drop for struct BodyText {
 285 |     drop(mut &this) -> void { this.text.drop(); }
     |                               ^~~~~~~~~~~~~~~~ explicit destructor call; the value is released at scope exit, and an aggregate's fields are released after its own `drop` runs. To release EARLY, write `mem::drop(x)`, which also stops the value being used afterwards. This is a warning while the tree is being cleaned up and will become an error
 286 | }
     |

================================================================================
warning[W0015]: explicit destructor call; the value is released at scope exit, and an aggregate's fields are released after its own `drop` runs. To release EARLY, write `mem::drop(x)`, which also stops the value being used afterwards. This is a warning while the tree is being cleaned up and will become an error
 --> C:/Programming/apps/CryoLang/stdlib/fmt/interp.cryo:120:5
     |
 118 |     };
 119 |     fmt_pad(&s, body.text.as_str(), body.head_len, &fs);
 120 |     body.drop();
     |     ^~~~~~~~~~~ explicit destructor call; the value is released at scope exit, and an aggregate's fields are released after its own `drop` runs. To release EARLY, write `mem::drop(x)`, which also stops the value being used afterwards. This is a warning while the tree is being cleaned up and will become an error
 121 |     return s;
 122 | }
     |

================================================================================
warning[W0005]: implicit conversion between `i32` and `i64`; the narrower operand widens to the wider one. Write it with `as` - this is accepted for now and will become an error before v1.0.0
 --> src/compiler/diag/config.cryo:38:30
    |
 36 |     /// Check whether a code is suppressed.
 37 |     is_suppressed(&this, code: u32) -> boolean {
 38 |         for (mut i: int = 0; i < this.suppressed_codes.length; i++) {
    |                              ^~~~~~~~~~~~~~~~~~~~~~~~~~~~~~~~ implicit conversion between `i32` and `i64`; the narrower operand widens to the wider one. Write it with `as` - this is accepted for now and will become an error before v1.0.0
 39 |             if (this.suppressed_codes[i] == code) {
 40 |                 return true;
    |

================================================================================
warning[W0015]: explicit destructor call; the value is released at scope exit, and an aggregate's fields are released after its own `drop` runs. To release EARLY, write `mem::drop(x)`, which also stops the value being used afterwards. This is a warning while the tree is being cleaned up and will become an error
 --> C:/Programming/apps/CryoLang/stdlib/fs/path.cryo:389:9
     |
 387 | where A: Allocator {
 388 |     drop(mut &this) -> void {
 389 |         this.inner.drop();
     |         ^~~~~~~~~~~~~~~~~ explicit destructor call; the value is released at scope exit, and an aggregate's fields are released after its own `drop` runs. To release EARLY, write `mem::drop(x)`, which also stops the value being used afterwards. This is a warning while the tree is being cleaned up and will become an error
 390 |     }
 391 | }
     |

================================================================================
warning[W0015]: explicit destructor call; the value is released at scope exit, and an aggregate's fields are released after its own `drop` runs. To release EARLY, write `mem::drop(x)`, which also stops the value being used afterwards. This is a warning while the tree is being cleaned up and will become an error
 --> C:/Programming/apps/CryoLang/stdlib/fs/metadata.cryo:207:5
     |
 205 |         c_path.as_ptr(), syscall::GetFileExInfoStandard, &buf[0]);
 206 |     const gle: u32 = syscall::GetLastError();
 207 |     c_path.drop();
     |     ^~~~~~~~~~~~~ explicit destructor call; the value is released at scope exit, and an aggregate's fields are released after its own `drop` runs. To release EARLY, write `mem::drop(x)`, which also stops the value being used afterwards. This is a warning while the tree is being cleaned up and will become an error
 208 |     if (ok == 0) {
 209 |         return Result::Err(win_error_to_io(gle));
     |

================================================================================
warning[W0015]: explicit destructor call; the value is released at scope exit, and an aggregate's fields are released after its own `drop` runs. To release EARLY, write `mem::drop(x)`, which also stops the value being used afterwards. This is a warning while the tree is being cleaned up and will become an error
 --> C:/Programming/apps/CryoLang/stdlib/fs/metadata.cryo:258:5
     |
 256 |     // last-error slot.
 257 |     const open_err: u32 = syscall::GetLastError();
 258 |     c_path.drop();
     |     ^~~~~~~~~~~~~ explicit destructor call; the value is released at scope exit, and an aggregate's fields are released after its own `drop` runs. To release EARLY, write `mem::drop(x)`, which also stops the value being used afterwards. This is a warning while the tree is being cleaned up and will become an error
 259 |     // Compare against a local -1: `INVALID_HANDLE_VALUE` is `(HANDLE)-1`.
 260 |     if ((h as i64) == -1) {
     |

================================================================================
warning[W0015]: explicit destructor call; the value is released at scope exit, and an aggregate's fields are released after its own `drop` runs. To release EARLY, write `mem::drop(x)`, which also stops the value being used afterwards. This is a warning while the tree is being cleaned up and will become an error
 --> C:/Programming/apps/CryoLang/stdlib/fs/metadata.cryo:320:5
     |
 318 |     mut c_path: String = String::with_null(p.as_str());
 319 |     const rc: i32 = libc::access(c_path.as_ptr(), 0);
 320 |     c_path.drop();
     |     ^~~~~~~~~~~~~ explicit destructor call; the value is released at scope exit, and an aggregate's fields are released after its own `drop` runs. To release EARLY, write `mem::drop(x)`, which also stops the value being used afterwards. This is a warning while the tree is being cleaned up and will become an error
 321 |     return rc == 0;
 322 | }
     |

================================================================================
warning[W0015]: explicit destructor call; the value is released at scope exit, and an aggregate's fields are released after its own `drop` runs. To release EARLY, write `mem::drop(x)`, which also stops the value being used afterwards. This is a warning while the tree is being cleaned up and will become an error
 --> C:/Programming/apps/CryoLang/stdlib/fs/file.cryo:289:5
     |
 287 |     mut data: Array<u8> = read(p)?;
 288 |     mut out: String = String::from_str(Str::from(data.as_slice()));
 289 |     data.drop();
     |     ^~~~~~~~~~~ explicit destructor call; the value is released at scope exit, and an aggregate's fields are released after its own `drop` runs. To release EARLY, write `mem::drop(x)`, which also stops the value being used afterwards. This is a warning while the tree is being cleaned up and will become an error
 290 |     return Result::Ok(out);
 291 | }
     |

================================================================================
warning[W0005]: implicit conversion between `i32` and `i64`; the narrower operand widens to the wider one. Write it with `as` - this is accepted for now and will become an error before v1.0.0
 --> src/compiler/diag/renderer.cryo:490:30
     |
 488 |         // 3. Cross-file secondary labels (rendered as separate snippets
 489 |         //    since they can't share a margin with the primary).
 490 |         for (mut i: int = 0; i < diag.labels.length; i++) {
     |                              ^~~~~~~~~~~~~~~~~~~~~~ implicit conversion between `i32` and `i64`; the narrower operand widens to the wider one. Write it with `as` - this is accepted for now and will become an error before v1.0.0
 491 |             const label: SpanLabel = diag.labels[i];
 492 |             if (label.is_primary) { continue; }
     |

================================================================================
warning[W0005]: implicit conversion between `i32` and `i64`; the narrower operand widens to the wider one. Write it with `as` - this is accepted for now and will become an error before v1.0.0
 --> src/compiler/diag/renderer.cryo:520:30
     |
 518 | 
 519 |         // 4. Children (notes, helps)
 520 |         for (mut i: int = 0; i < diag.children.length; i++) {
     |                              ^~~~~~~~~~~~~~~~~~~~~~~~ implicit conversion between `i32` and `i64`; the narrower operand widens to the wider one. Write it with `as` - this is accepted for now and will become an error before v1.0.0
 521 |             const child: &Diagnostic = &diag.children[i];
 522 |             this.render_child(child);
     |

================================================================================
warning[W0005]: implicit conversion between `i32` and `i64`; the narrower operand widens to the wider one. Write it with `as` - this is accepted for now and will become an error before v1.0.0
 --> src/compiler/diag/renderer.cryo:526:30
     |
 524 | 
 525 |         // 5. Suggestions
 526 |         for (mut i: int = 0; i < diag.suggestions.length; i++) {
     |                              ^~~~~~~~~~~~~~~~~~~~~~~~~~~ implicit conversion between `i32` and `i64`; the narrower operand widens to the wider one. Write it with `as` - this is accepted for now and will become an error before v1.0.0
 527 |             const sug: &Suggestion = &diag.suggestions[i];
 528 |             this.render_suggestion(sug);
     |

================================================================================
warning[W0005]: implicit conversion between `i32` and `i64`; the narrower operand widens to the wider one. Write it with `as` - this is accepted for now and will become an error before v1.0.0
 --> src/compiler/diag/renderer.cryo:555:30
     |
 553 |     /// "Header line repeats under the caret" output unchanged.
 554 |     primary_label_caption(&this, diag: &Diagnostic) -> string {
 555 |         for (mut i: int = 0; i < diag.labels.length; i++) {
     |                              ^~~~~~~~~~~~~~~~~~~~~~ implicit conversion between `i32` and `i64`; the narrower operand widens to the wider one. Write it with `as` - this is accepted for now and will become an error before v1.0.0
 556 |             const lbl: SpanLabel = diag.labels[i];
 557 |             if (!lbl.is_primary)             { continue; }
     |

================================================================================
warning[W0005]: implicit conversion between `i32` and `i64`; the narrower operand widens to the wider one. Write it with `as` - this is accepted for now and will become an error before v1.0.0
 --> src/compiler/diag/renderer.cryo:573:30
     |
 571 |     has_same_file_secondary(&this, diag: &Diagnostic) -> boolean {
 572 |         if (!diag.span.has_location()) { return false; }
 573 |         for (mut i: int = 0; i < diag.labels.length; i++) {
     |                              ^~~~~~~~~~~~~~~~~~~~~~ implicit conversion between `i32` and `i64`; the narrower operand widens to the wider one. Write it with `as` - this is accepted for now and will become an error before v1.0.0
 574 |             const lbl: SpanLabel = diag.labels[i];
 575 |             if (lbl.is_primary) { continue; }
     |

================================================================================
warning[W0005]: implicit conversion between `i32` and `i64`; the narrower operand widens to the wider one. Write it with `as` - this is accepted for now and will become an error before v1.0.0
 --> src/compiler/diag/renderer.cryo:735:30
     |
 733 |     collect_same_file_labels(&this, diag: &Diagnostic) -> SpanLabel[] {
 734 |         mut out: SpanLabel[] = [];
 735 |         for (mut i: int = 0; i < diag.labels.length; i++) {
     |                              ^~~~~~~~~~~~~~~~~~~~~~ implicit conversion between `i32` and `i64`; the narrower operand widens to the wider one. Write it with `as` - this is accepted for now and will become an error before v1.0.0
 736 |             const lbl: SpanLabel = diag.labels[i];
 737 |             if (!lbl.span.has_location()) { continue; }
     |

================================================================================
warning[W0005]: implicit conversion between `i32` and `i64`; the narrower operand widens to the wider one. Write it with `as` - this is accepted for now and will become an error before v1.0.0
 --> src/compiler/diag/renderer.cryo:742:30
     |
 740 |         }
 741 |         // Insertion sort by start_line (small N, stable).
 742 |         for (mut i: int = 1; i < out.length; i++) {
     |                              ^~~~~~~~~~~~~~ implicit conversion between `i32` and `i64`; the narrower operand widens to the wider one. Write it with `as` - this is accepted for now and will become an error before v1.0.0
 743 |             for (mut j: int = i; j > 0; j--) {
 744 |                 if (out[j].span.start_line < out[j - 1].span.start_line) {
     |

================================================================================
warning[W0005]: implicit conversion between `i32` and `i64`; the narrower operand widens to the wider one. Write it with `as` - this is accepted for now and will become an error before v1.0.0
 --> src/compiler/diag/renderer.cryo:778:30
     |
 776 |         const ctx: u32 = this.config.context_lines;
 777 |         mut max_line: u32 = primary_span.start_line + ctx;
 778 |         for (mut i: int = 0; i < labels.length; i++) {
     |                              ^~~~~~~~~~~~~~~~~ implicit conversion between `i32` and `i64`; the narrower operand widens to the wider one. Write it with `as` - this is accepted for now and will become an error before v1.0.0
 779 |             const ln: u32 = labels[i].span.start_line + ctx;
 780 |             if (ln > max_line) { max_line = ln; }
     |

================================================================================
warning[W0005]: implicit conversion between `i32` and `i64`; the narrower operand widens to the wider one. Write it with `as` - this is accepted for now and will become an error before v1.0.0
 --> src/compiler/diag/renderer.cryo:808:30
     |
 806 |         mut have_group:  boolean = false;
 807 | 
 808 |         for (mut i: int = 0; i < labels.length; i++) {
     |                              ^~~~~~~~~~~~~~~~~ implicit conversion between `i32` and `i64`; the narrower operand widens to the wider one. Write it with `as` - this is accepted for now and will become an error before v1.0.0
 809 |             const lbl: SpanLabel = labels[i];
 810 |             const ln: u32 = lbl.span.start_line;
     |

================================================================================
warning[W0005]: implicit conversion between `i32` and `i64`; the narrower operand widens to the wider one. Write it with `as` - this is accepted for now and will become an error before v1.0.0
 --> src/compiler/diag/Sink.cryo:192:34
     |
 190 |         }
 191 |         if (this.renderer != null) {
 192 |             for (mut i: int = 0; i < this.diagnostics.length; i++) {
     |                                  ^~~~~~~~~~~~~~~~~~~~~~~~~~~ implicit conversion between `i32` and `i64`; the narrower operand widens to the wider one. Write it with `as` - this is accepted for now and will become an error before v1.0.0
 193 |                 if (!this.diagnostics[i].severity.is_error()) {
 194 |                     this.renderer.render(&this.diagnostics[i]);
     |

================================================================================
warning[W0005]: implicit conversion between `i32` and `i64`; the narrower operand widens to the wider one. Write it with `as` - this is accepted for now and will become an error before v1.0.0
 --> src/compiler/diag/Sink.cryo:197:34
     |
 195 |                 }
 196 |             }
 197 |             for (mut i: int = 0; i < this.diagnostics.length; i++) {
     |                                  ^~~~~~~~~~~~~~~~~~~~~~~~~~~ implicit conversion between `i32` and `i64`; the narrower operand widens to the wider one. Write it with `as` - this is accepted for now and will become an error before v1.0.0
 198 |                 if (this.diagnostics[i].severity.is_error()) {
 199 |                     this.renderer.render(&this.diagnostics[i]);
     |

================================================================================
warning[W0005]: implicit conversion between `i32` and `i64`; the narrower operand widens to the wider one. Write it with `as` - this is accepted for now and will become an error before v1.0.0
 --> src/compiler/diag/Sink.cryo:206:34
     |
 204 |             // LSP-mode callers (which speak JSON-RPC over stdout) are not
 205 |             // corrupted if a flush sneaks through.
 206 |             for (mut i: int = 0; i < this.diagnostics.length; i++) {
     |                                  ^~~~~~~~~~~~~~~~~~~~~~~~~~~ implicit conversion between `i32` and `i64`; the narrower operand widens to the wider one. Write it with `as` - this is accepted for now and will become an error before v1.0.0
 207 |                 if (!this.diagnostics[i].severity.is_error()) {
 208 |                     DiagSink::emit_raw(null, Text::new(this.diagnostics[i].to_string()));
     |

================================================================================
warning[W0005]: implicit conversion between `i32` and `i64`; the narrower operand widens to the wider one. Write it with `as` - this is accepted for now and will become an error before v1.0.0
 --> src/compiler/diag/Sink.cryo:212:34
     |
 210 |                 }
 211 |             }
 212 |             for (mut i: int = 0; i < this.diagnostics.length; i++) {
     |                                  ^~~~~~~~~~~~~~~~~~~~~~~~~~~ implicit conversion between `i32` and `i64`; the narrower operand widens to the wider one. Write it with `as` - this is accepted for now and will become an error before v1.0.0
 213 |                 if (this.diagnostics[i].severity.is_error()) {
 214 |                     DiagSink::emit_raw(null, Text::new(this.diagnostics[i].to_string()));
     |

================================================================================
warning[W0005]: implicit conversion between `u32` and `i64`; the narrower operand widens to the wider one. Write it with `as` - this is accepted for now and will become an error before v1.0.0
 --> src/compiler/resolver/intern_table.cryo:99:13
     |
  97 |     /// Returns "" for out-of-range IDs (defensive, should not happen).
  98 |     resolve(&this, sym: SymbolStr) -> string {
  99 |         if (sym.id >= this.strings.length) {
     |             ^~~~~~~~~~~~~~~~~~~~~~~~~~~~~ implicit conversion between `u32` and `i64`; the narrower operand widens to the wider one. Write it with `as` - this is accepted for now and will become an error before v1.0.0
 100 |             return "";
 101 |         }
     |

================================================================================
warning[W0005]: implicit conversion between `i64` and `u32`; the narrower operand widens to the wider one. Write it with `as` - this is accepted for now and will become an error before v1.0.0
 --> src/compiler/module_graph.cryo:943:16
     |
 941 |         mut max_iters: u32 = n + 1;
 942 | 
 943 |         while (order.length < n && max_iters > 0) {
     |                ^~~~~~~~~~~~~~~~ implicit conversion between `i64` and `u32`; the narrower operand widens to the wider one. Write it with `as` - this is accepted for now and will become an error before v1.0.0
 944 |             max_iters -= 1;
 945 |             mut placed_any: boolean = false;
     |

================================================================================
warning[W0005]: implicit conversion between `i64` and `u32`; the narrower operand widens to the wider one. Write it with `as` - this is accepted for now and will become an error before v1.0.0
 --> src/compiler/module_graph.cryo:1001:16
      |
  999 |         // `order` was moved into `this.topo_order`; read its length back
 1000 |         // through the new owner.
 1001 |         return this.topo_order.length == n;
      |                ^~~~~~~~~~~~~~~~~~~~~~~~~~~ implicit conversion between `i64` and `u32`; the narrower operand widens to the wider one. Write it with `as` - this is accepted for now and will become an error before v1.0.0
 1002 |     }
      |

================================================================================
warning[W0005]: implicit conversion between `u32` and `i64`; the narrower operand widens to the wider one. Write it with `as` - this is accepted for now and will become an error before v1.0.0
 --> src/compiler/module_graph.cryo:1054:30
      |
 1052 |     /// Check if a value is in the order array (linear scan).
 1053 |     static topo_contains(order: &u32[], val: u32) -> boolean {
 1054 |         for (mut i: u32 = 0; i < order.length; i++) {
      |                              ^~~~~~~~~~~~~~~~ implicit conversion between `u32` and `i64`; the narrower operand widens to the wider one. Write it with `as` - this is accepted for now and will become an error before v1.0.0
 1055 |             if (order[i] == val) {
 1056 |                 return true;
      |

================================================================================
warning[W0015]: explicit destructor call; the value is released at scope exit, and an aggregate's fields are released after its own `drop` runs. To release EARLY, write `mem::drop(x)`, which also stops the value being used afterwards. This is a warning while the tree is being cleaned up and will become an error
 --> src/compiler/project_config.cryo:1035:9
      |
 1033 |         }
 1034 |         libc::mkdir(s.as_cstr() as string, 493);  // 0755
 1035 |         s.drop();
      |         ^~~~~~~~ explicit destructor call; the value is released at scope exit, and an aggregate's fields are released after its own `drop` runs. To release EARLY, write `mem::drop(x)`, which also stops the value being used afterwards. This is a warning while the tree is being cleaned up and will become an error
 1036 |     }
      |

================================================================================
warning[W0015]: explicit destructor call; the value is released at scope exit, and an aggregate's fields are released after its own `drop` runs. To release EARLY, write `mem::drop(x)`, which also stops the value being used afterwards. This is a warning while the tree is being cleaned up and will become an error
 --> src/compiler/sema/symbolic_checker.cryo:216:39
     |
 214 |             for (mut i: i64 = 0; i < impl_node.target_args.length; i++) {
 215 |                 const ta: TypeRef = this.ctx.type_resolver.resolve(impl_node.target_args[i], &rc);
 216 |                 if (!ta.is_valid()) { targs.drop(); return owner_type; }
     |                                       ^~~~~~~~~~~~ explicit destructor call; the value is released at scope exit, and an aggregate's fields are released after its own `drop` runs. To release EARLY, write `mem::drop(x)`, which also stops the value being used afterwards. This is a warning while the tree is being cleaned up and will become an error
 217 |                 targs.push(ta);
 218 |             }
     |

================================================================================
warning[W0015]: explicit destructor call; the value is released at scope exit, and an aggregate's fields are released after its own `drop` runs. To release EARLY, write `mem::drop(x)`, which also stops the value being used afterwards. This is a warning while the tree is being cleaned up and will become an error
 --> src/compiler/sema/symbolic_checker.cryo:220:13
     |
 218 |             }
 219 |             const target_inst: TypeRef = this.arena.create_instantiation(owner_type, &targs);
 220 |             targs.drop();
     |             ^~~~~~~~~~~~ explicit destructor call; the value is released at scope exit, and an aggregate's fields are released after its own `drop` runs. To release EARLY, write `mem::drop(x)`, which also stops the value being used afterwards. This is a warning while the tree is being cleaned up and will become an error
 221 |             return target_inst;
 222 |         }
     |

================================================================================
warning[W0015]: explicit destructor call; the value is released at scope exit, and an aggregate's fields are released after its own `drop` runs. To release EARLY, write `mem::drop(x)`, which also stops the value being used afterwards. This is a warning while the tree is being cleaned up and will become an error
 --> src/compiler/sema/symbolic_checker.cryo:226:30
     |
 224 |         for (mut i: i64 = 0; i < this.state.symbolic_owner_param_nodes.length; i++) {
 225 |             const p: GenericParamNode* = this.state.symbolic_owner_param_nodes[i];
 226 |             if (p == null) { args.drop(); return owner_type; }
     |                              ^~~~~~~~~~~ explicit destructor call; the value is released at scope exit, and an aggregate's fields are released after its own `drop` runs. To release EARLY, write `mem::drop(x)`, which also stops the value being used afterwards. This is a warning while the tree is being cleaned up and will become an error
 227 |             args.push(this.symbolic_param_ref(p, i as u64));
 228 |         }
     |

================================================================================
warning[W0015]: explicit destructor call; the value is released at scope exit, and an aggregate's fields are released after its own `drop` runs. To release EARLY, write `mem::drop(x)`, which also stops the value being used afterwards. This is a warning while the tree is being cleaned up and will become an error
 --> src/compiler/sema/symbolic_checker.cryo:230:9
     |
 228 |         }
 229 |         const inst: TypeRef = this.arena.create_instantiation(owner_type, &args);
 230 |         args.drop();
     |         ^~~~~~~~~~~ explicit destructor call; the value is released at scope exit, and an aggregate's fields are released after its own `drop` runs. To release EARLY, write `mem::drop(x)`, which also stops the value being used afterwards. This is a warning while the tree is being cleaned up and will become an error
 231 |         return inst;
 232 |     }
     |

================================================================================
warning[W0015]: explicit destructor call; the value is released at scope exit, and an aggregate's fields are released after its own `drop` runs. To release EARLY, write `mem::drop(x)`, which also stops the value being used afterwards. This is a warning while the tree is being cleaned up and will become an error
 --> src/compiler/passes/type_resolution.cryo:3547:29
      |
 3545 |                             }
 3546 |                         } else {
 3547 |                             ptypes.drop();
      |                             ^~~~~~~~~~~~~ explicit destructor call; the value is released at scope exit, and an aggregate's fields are released after its own `drop` runs. To release EARLY, write `mem::drop(x)`, which also stops the value being used afterwards. This is a warning while the tree is being cleaned up and will become an error
 3548 |                         }
 3549 |                     }
      |

================================================================================
warning[W0015]: explicit destructor call; the value is released at scope exit, and an aggregate's fields are released after its own `drop` runs. To release EARLY, write `mem::drop(x)`, which also stops the value being used afterwards. This is a warning while the tree is being cleaned up and will become an error
 --> src/compiler/sema/call_resolver.cryo:2958:55
      |
 2956 |                         name_seen  += 1;
 2957 |                         uniq_arity  = this.diag.note_arity(uniq_arity, tparams.length);
 2958 |                         if (tparams.length != argc) { tparams.drop(); continue; }
      |                                                       ^~~~~~~~~~~~~~ explicit destructor call; the value is released at scope exit, and an aggregate's fields are released after its own `drop` runs. To release EARLY, write `mem::drop(x)`, which also stops the value being used afterwards. This is a warning while the tree is being cleaned up and will become an error
 2959 |                         for (mut ci: i64 = 0; ci < tparams.length; ci++) {
 2960 |                             cand_params.push(tparams[ci]);
      |

================================================================================
warning[W0015]: explicit destructor call; the value is released at scope exit, and an aggregate's fields are released after its own `drop` runs. To release EARLY, write `mem::drop(x)`, which also stops the value being used afterwards. This is a warning while the tree is being cleaned up and will become an error
 --> src/compiler/sema/call_resolver.cryo:2969:29
      |
 2967 |                         } else {
 2968 |                             const same: boolean = this.types.same_param_sig(chosen.as_slice(), tparams.as_slice());
 2969 |                             tparams.drop();
      |                             ^~~~~~~~~~~~~~ explicit destructor call; the value is released at scope exit, and an aggregate's fields are released after its own `drop` runs. To release EARLY, write `mem::drop(x)`, which also stops the value being used afterwards. This is a warning while the tree is being cleaned up and will become an error
 2970 |                             const cand_trait: DefId = block.trait_def;
 2971 |                             if (found_trait.is_valid() && cand_trait.is_valid()
      |

================================================================================
warning[W0015]: explicit destructor call; the value is released at scope exit, and an aggregate's fields are released after its own `drop` runs. To release EARLY, write `mem::drop(x)`, which also stops the value being used afterwards. This is a warning while the tree is being cleaned up and will become an error
 --> src/compiler/sema/call_resolver.cryo:5064:21
      |
 5062 |                     diag = this.diag.attach_shadow_import_suggestions(diag, simple, shadows);
 5063 |                 } else {
 5064 |                     shadows.drop();
      |                     ^~~~~~~~~~~~~~ explicit destructor call; the value is released at scope exit, and an aggregate's fields are released after its own `drop` runs. To release EARLY, write `mem::drop(x)`, which also stops the value being used afterwards. This is a warning while the tree is being cleaned up and will become an error
 5065 |                 }
 5066 |             }
      |

================================================================================
warning[W0015]: explicit destructor call; the value is released at scope exit, and an aggregate's fields are released after its own `drop` runs. To release EARLY, write `mem::drop(x)`, which also stops the value being used afterwards. This is a warning while the tree is being cleaned up and will become an error
 --> src/compiler/sema/call_resolver.cryo:5371:13
      |
 5369 |             diag = this.diag.attach_shadow_import_suggestions(diag, scope_str, shadows);
 5370 |         } else {
 5371 |             shadows.drop();
      |             ^~~~~~~~~~~~~~ explicit destructor call; the value is released at scope exit, and an aggregate's fields are released after its own `drop` runs. To release EARLY, write `mem::drop(x)`, which also stops the value being used afterwards. This is a warning while the tree is being cleaned up and will become an error
 5372 |         }
 5373 |         this.ctx.emit_diagnostic(diag);
      |

================================================================================
warning[W0015]: explicit destructor call; the value is released at scope exit, and an aggregate's fields are released after its own `drop` runs. To release EARLY, write `mem::drop(x)`, which also stops the value being used afterwards. This is a warning while the tree is being cleaned up and will become an error
 --> src/compiler/sema/call_resolver.cryo:7659:35
      |
 7657 |         for (mut i: i64 = 0; i < generic_args.length; i++) {
 7658 |             const tr: TypeRef = this.ctx.type_resolver.resolve(generic_args[i], &rc);
 7659 |             if (!tr.is_valid()) { arg_refs.drop(); return TypeRef::invalid(); }
      |                                   ^~~~~~~~~~~~~~~ explicit destructor call; the value is released at scope exit, and an aggregate's fields are released after its own `drop` runs. To release EARLY, write `mem::drop(x)`, which also stops the value being used afterwards. This is a warning while the tree is being cleaned up and will become an error
 7660 |             arg_refs.push(tr);
 7661 |         }
      |

================================================================================
warning[W0015]: explicit destructor call; the value is released at scope exit, and an aggregate's fields are released after its own `drop` runs. To release EARLY, write `mem::drop(x)`, which also stops the value being used afterwards. This is a warning while the tree is being cleaned up and will become an error
 --> C:/Programming/apps/CryoLang/stdlib/fs/dir.cryo:73:5
    |
 71 |     full.push_byte(0 as u8);
 72 |     const attrs: u32 = syscall::GetFileAttributesA(full.as_ptr());
 73 |     full.drop();
    |     ^~~~~~~~~~~ explicit destructor call; the value is released at scope exit, and an aggregate's fields are released after its own `drop` runs. To release EARLY, write `mem::drop(x)`, which also stops the value being used afterwards. This is a warning while the tree is being cleaned up and will become an error
 74 |     if (attrs == INVALID_FILE_ATTRIBUTES)       { return 0; }      // DT_UNKNOWN
 75 |     if ((attrs & FILE_ATTRIBUTE_REPARSE_POINT) != 0) { return DT_LNK; }
    |

================================================================================
warning[W0015]: explicit destructor call; the value is released at scope exit, and an aggregate's fields are released after its own `drop` runs. To release EARLY, write `mem::drop(x)`, which also stops the value being used afterwards. This is a warning while the tree is being cleaned up and will become an error
 --> C:/Programming/apps/CryoLang/stdlib/fs/dir.cryo:110:9
     |
 108 | implement trait Drop for struct DirEntry {
 109 |     drop(mut &this) -> void {
 110 |         this.entry_name.drop();
     |         ^~~~~~~~~~~~~~~~~~~~~~ explicit destructor call; the value is released at scope exit, and an aggregate's fields are released after its own `drop` runs. To release EARLY, write `mem::drop(x)`, which also stops the value being used afterwards. This is a warning while the tree is being cleaned up and will become an error
 111 |     }
 112 | }
     |

================================================================================
warning[W0015]: explicit destructor call; the value is released at scope exit, and an aggregate's fields are released after its own `drop` runs. To release EARLY, write `mem::drop(x)`, which also stops the value being used afterwards. This is a warning while the tree is being cleaned up and will become an error
 --> C:/Programming/apps/CryoLang/stdlib/fs/dir.cryo:151:9
     |
 149 |             this.dirp = null;
 150 |         }
 151 |         this.base.drop();
     |         ^~~~~~~~~~~~~~~~ explicit destructor call; the value is released at scope exit, and an aggregate's fields are released after its own `drop` runs. To release EARLY, write `mem::drop(x)`, which also stops the value being used afterwards. This is a warning while the tree is being cleaned up and will become an error
 152 |     }
 153 | }
     |

================================================================================
warning[W0015]: explicit destructor call; the value is released at scope exit, and an aggregate's fields are released after its own `drop` runs. To release EARLY, write `mem::drop(x)`, which also stops the value being used afterwards. This is a warning while the tree is being cleaned up and will become an error
 --> C:/Programming/apps/CryoLang/stdlib/fs/dir.cryo:172:5
     |
 170 |     const dirp: void* = libc::opendir(c_path.as_ptr());
 171 |     const err: i32 = libc::errno();
 172 |     c_path.drop();
     |     ^~~~~~~~~~~~~ explicit destructor call; the value is released at scope exit, and an aggregate's fields are released after its own `drop` runs. To release EARLY, write `mem::drop(x)`, which also stops the value being used afterwards. This is a warning while the tree is being cleaned up and will become an error
 173 |     if (dirp == null) {
 174 |         return Result::Err(IoError::from_errno(err));
     |

================================================================================
warning[W0015]: explicit destructor call; the value is released at scope exit, and an aggregate's fields are released after its own `drop` runs. To release EARLY, write `mem::drop(x)`, which also stops the value being used afterwards. This is a warning while the tree is being cleaned up and will become an error
 --> C:/Programming/apps/CryoLang/stdlib/fs/dir.cryo:185:5
     |
 183 |     const rc: i32 = libc::mkdir(c_path.as_ptr(), DEFAULT_DIR_MODE);
 184 |     const err: i32 = libc::errno();
 185 |     c_path.drop();
     |     ^~~~~~~~~~~~~ explicit destructor call; the value is released at scope exit, and an aggregate's fields are released after its own `drop` runs. To release EARLY, write `mem::drop(x)`, which also stops the value being used afterwards. This is a warning while the tree is being cleaned up and will become an error
 186 |     if (rc != 0) {
 187 |         return Result::Err(IoError::from_errno(err));
     |

================================================================================
warning[W0015]: explicit destructor call; the value is released at scope exit, and an aggregate's fields are released after its own `drop` runs. To release EARLY, write `mem::drop(x)`, which also stops the value being used afterwards. This is a warning while the tree is being cleaned up and will become an error
 --> C:/Programming/apps/CryoLang/stdlib/fs/dir.cryo:226:5
     |
 224 |     const rc: i32 = libc::unlink(c_path.as_ptr());
 225 |     const err: i32 = libc::errno();
 226 |     c_path.drop();
     |     ^~~~~~~~~~~~~ explicit destructor call; the value is released at scope exit, and an aggregate's fields are released after its own `drop` runs. To release EARLY, write `mem::drop(x)`, which also stops the value being used afterwards. This is a warning while the tree is being cleaned up and will become an error
 227 |     if (rc != 0) {
 228 |         return Result::Err(IoError::from_errno(err));
     |

================================================================================
warning[W0015]: explicit destructor call; the value is released at scope exit, and an aggregate's fields are released after its own `drop` runs. To release EARLY, write `mem::drop(x)`, which also stops the value being used afterwards. This is a warning while the tree is being cleaned up and will become an error
 --> C:/Programming/apps/CryoLang/stdlib/fs/dir.cryo:256:5
     |
 254 |     }
 255 |     // Close the handle before removing the now-empty directory.
 256 |     rd.drop();
     |     ^~~~~~~~~ explicit destructor call; the value is released at scope exit, and an aggregate's fields are released after its own `drop` runs. To release EARLY, write `mem::drop(x)`, which also stops the value being used afterwards. This is a warning while the tree is being cleaned up and will become an error
 257 |     return remove_dir(p);
 258 | }
     |

================================================================================
warning[W0015]: explicit destructor call; the value is released at scope exit, and an aggregate's fields are released after its own `drop` runs. To release EARLY, write `mem::drop(x)`, which also stops the value being used afterwards. This is a warning while the tree is being cleaned up and will become an error
 --> C:/Programming/apps/CryoLang/stdlib/fs/dir.cryo:265:5
     |
 263 |     const rc: i32 = libc::rmdir(c_path.as_ptr());
 264 |     const err: i32 = libc::errno();
 265 |     c_path.drop();
     |     ^~~~~~~~~~~~~ explicit destructor call; the value is released at scope exit, and an aggregate's fields are released after its own `drop` runs. To release EARLY, write `mem::drop(x)`, which also stops the value being used afterwards. This is a warning while the tree is being cleaned up and will become an error
 266 |     if (rc != 0) {
 267 |         return Result::Err(IoError::from_errno(err));
     |

================================================================================
warning[W0015]: explicit destructor call; the value is released at scope exit, and an aggregate's fields are released after its own `drop` runs. To release EARLY, write `mem::drop(x)`, which also stops the value being used afterwards. This is a warning while the tree is being cleaned up and will become an error
 --> C:/Programming/apps/CryoLang/stdlib/fs/dir.cryo:279:5
     |
 277 |     const rc: i32 = libc::rename(c_from.as_ptr(), c_to.as_ptr());
 278 |     const err: i32 = libc::errno();
 279 |     c_to.drop();
     |     ^~~~~~~~~~~ explicit destructor call; the value is released at scope exit, and an aggregate's fields are released after its own `drop` runs. To release EARLY, write `mem::drop(x)`, which also stops the value being used afterwards. This is a warning while the tree is being cleaned up and will become an error
 280 |     c_from.drop();
 281 |     if (rc != 0) {
     |

================================================================================
warning[W0015]: explicit destructor call; the value is released at scope exit, and an aggregate's fields are released after its own `drop` runs. To release EARLY, write `mem::drop(x)`, which also stops the value being used afterwards. This is a warning while the tree is being cleaned up and will become an error
 --> C:/Programming/apps/CryoLang/stdlib/fs/dir.cryo:280:5
     |
 278 |     const err: i32 = libc::errno();
 279 |     c_to.drop();
 280 |     c_from.drop();
     |     ^~~~~~~~~~~~~ explicit destructor call; the value is released at scope exit, and an aggregate's fields are released after its own `drop` runs. To release EARLY, write `mem::drop(x)`, which also stops the value being used afterwards. This is a warning while the tree is being cleaned up and will become an error
 281 |     if (rc != 0) {
 282 |         return Result::Err(IoError::from_errno(err));
     |

================================================================================
warning[W0015]: explicit destructor call; the value is released at scope exit, and an aggregate's fields are released after its own `drop` runs. To release EARLY, write `mem::drop(x)`, which also stops the value being used afterwards. This is a warning while the tree is being cleaned up and will become an error
 --> C:/Programming/apps/CryoLang/stdlib/fs/dir.cryo:313:5
     |
 311 |     mut buf: u8[4096];
 312 |     const n: u32 = syscall::GetFullPathNameA(c_path.as_ptr(), 4096, &buf[0], null);
 313 |     c_path.drop();
     |     ^~~~~~~~~~~~~ explicit destructor call; the value is released at scope exit, and an aggregate's fields are released after its own `drop` runs. To release EARLY, write `mem::drop(x)`, which also stops the value being used afterwards. This is a warning while the tree is being cleaned up and will become an error
 314 |     if (n == 0 || n >= 4096) {
 315 |         return Result::Err(IoError::new(IoErrorKind::Other, 0));
     |

================================================================================
warning[W0015]: explicit destructor call; the value is released at scope exit, and an aggregate's fields are released after its own `drop` runs. To release EARLY, write `mem::drop(x)`, which also stops the value being used afterwards. This is a warning while the tree is being cleaned up and will become an error
 --> src/compiler/sema/sema.cryo:492:9
     |
 490 |         mut refs: TypeRef[] = TypeResolutionPasses::create_generic_param_types(params, this.arena);
 491 |         const inst: TypeRef = this.arena.create_instantiation(base, &refs);
 492 |         refs.drop();
     |         ^~~~~~~~~~~ explicit destructor call; the value is released at scope exit, and an aggregate's fields are released after its own `drop` runs. To release EARLY, write `mem::drop(x)`, which also stops the value being used afterwards. This is a warning while the tree is being cleaned up and will become an error
 493 |         return inst;
 494 |     }
     |

================================================================================
warning[W0014]: redundant type suffix `u64` on numeric literal `0xFFFFFFFFFFFFFFFFu64`; the surrounding context already types it
 --> C:/Programming/apps/CryoLang/stdlib/time/duration.cryo:36:30
    |
 34 | const MILLIS_PER_SEC:  u64 = 1000;
 35 | const MICROS_PER_SEC:  u64 = 1000000;
 36 | const U64_MAX:         u64 = 0xFFFFFFFFFFFFFFFFu64;
    |                              ^~~~~~~~~~~~~~~~~~~~~ redundant type suffix `u64` on numeric literal `0xFFFFFFFFFFFFFFFFu64`; the surrounding context already types it
 37 | 
 38 | /// A length of time: whole `secs` plus a sub-second `nanos` remainder
    |

================================================================================
warning[W0014]: redundant type suffix `u32` on numeric literal `1u32`; the surrounding context already types it
 --> C:/Programming/apps/CryoLang/stdlib/future/reactor.cryo:83:29
    |
 81 | /// a descriptor may have both armed at once (by two futures, or one future
 82 | /// waiting on each half of a socket).
 83 | const INTEREST_READ:  u32 = 1u32;
    |                             ^~~~ redundant type suffix `u32` on numeric literal `1u32`; the surrounding context already types it
 84 | const INTEREST_WRITE: u32 = 2u32;
    |

================================================================================
warning[W0014]: redundant type suffix `u32` on numeric literal `2u32`; the surrounding context already types it
 --> C:/Programming/apps/CryoLang/stdlib/future/reactor.cryo:84:29
    |
 82 | /// waiting on each half of a socket).
 83 | const INTEREST_READ:  u32 = 1u32;
 84 | const INTEREST_WRITE: u32 = 2u32;
    |                             ^~~~ redundant type suffix `u32` on numeric literal `2u32`; the surrounding context already types it
 85 | 
 86 | /// Registration hash buckets. A power of two: the bucket index is `fd & 63`,
    |

================================================================================
warning[W0015]: explicit destructor call; the value is released at scope exit, and an aggregate's fields are released after its own `drop` runs. To release EARLY, write `mem::drop(x)`, which also stops the value being used afterwards. This is a warning while the tree is being cleaned up and will become an error
 --> C:/Programming/apps/CryoLang/stdlib/future/reactor.cryo:221:17
     |
 219 |                 reg.interest = 0;
 220 |                 rt.remove(reg);
 221 |                 wr.drop();
     |                 ^~~~~~~~~ explicit destructor call; the value is released at scope exit, and an aggregate's fields are released after its own `drop` runs. To release EARLY, write `mem::drop(x)`, which also stops the value being used afterwards. This is a warning while the tree is being cleaned up and will become an error
 222 |                 ww.drop();
 223 |             }
     |

================================================================================
warning[W0015]: explicit destructor call; the value is released at scope exit, and an aggregate's fields are released after its own `drop` runs. To release EARLY, write `mem::drop(x)`, which also stops the value being used afterwards. This is a warning while the tree is being cleaned up and will become an error
 --> C:/Programming/apps/CryoLang/stdlib/future/reactor.cryo:222:17
     |
 220 |                 rt.remove(reg);
 221 |                 wr.drop();
 222 |                 ww.drop();
     |                 ^~~~~~~~~ explicit destructor call; the value is released at scope exit, and an aggregate's fields are released after its own `drop` runs. To release EARLY, write `mem::drop(x)`, which also stops the value being used afterwards. This is a warning while the tree is being cleaned up and will become an error
 223 |             }
 224 |         }
     |

================================================================================
warning[W0015]: explicit destructor call; the value is released at scope exit, and an aggregate's fields are released after its own `drop` runs. To release EARLY, write `mem::drop(x)`, which also stops the value being used afterwards. This is a warning while the tree is being cleaned up and will become an error
 --> C:/Programming/apps/CryoLang/stdlib/future/reactor.cryo:235:13
     |
 233 |             mut alloc: GlobalAlloc = GlobalAlloc::new();
 234 |             alloc.deallocate(NonNull::new(t as u8*), Layout::of::<Timer>());
 235 |             tw.drop();
     |             ^~~~~~~~~ explicit destructor call; the value is released at scope exit, and an aggregate's fields are released after its own `drop` runs. To release EARLY, write `mem::drop(x)`, which also stops the value being used afterwards. This is a warning while the tree is being cleaned up and will become an error
 236 |         }
 237 |         rt_backend_close(rt);
     |

================================================================================
warning[W0015]: explicit destructor call; the value is released at scope exit, and an aggregate's fields are released after its own `drop` runs. To release EARLY, write `mem::drop(x)`, which also stops the value being used afterwards. This is a warning while the tree is being cleaned up and will become an error
 --> C:/Programming/apps/CryoLang/stdlib/future/blocking.cryo:150:9
     |
 148 |         mut replaced: Waker = Waker::replace(&this.waker, w);
 149 |         bp_mtx_unlock(&pool.mtx[0]);
 150 |         replaced.drop();   // outside the lock: a waker's drop runs arbitrary code
     |         ^~~~~~~~~~~~~~~ explicit destructor call; the value is released at scope exit, and an aggregate's fields are released after its own `drop` runs. To release EARLY, write `mem::drop(x)`, which also stops the value being used afterwards. This is a warning while the tree is being cleaned up and will become an error
 151 |         return st;
 152 |     }
     |

================================================================================
warning[W0015]: explicit destructor call; the value is released at scope exit, and an aggregate's fields are released after its own `drop` runs. To release EARLY, write `mem::drop(x)`, which also stops the value being used afterwards. This is a warning while the tree is being cleaned up and will become an error
 --> C:/Programming/apps/CryoLang/stdlib/process/child.cryo:402:17
     |
 400 |         match (this.stdin) {
 401 |             Option::Some(mut handle) => {
 402 |                 handle.drop();
     |                 ^~~~~~~~~~~~~ explicit destructor call; the value is released at scope exit, and an aggregate's fields are released after its own `drop` runs. To release EARLY, write `mem::drop(x)`, which also stops the value being used afterwards. This is a warning while the tree is being cleaned up and will become an error
 403 |                 this.stdin = Option::None;
 404 |             }
     |

================================================================================
warning[W0015]: explicit destructor call; the value is released at scope exit, and an aggregate's fields are released after its own `drop` runs. To release EARLY, write `mem::drop(x)`, which also stops the value being used afterwards. This is a warning while the tree is being cleaned up and will become an error
 --> C:/Programming/apps/CryoLang/stdlib/process/child.cryo:432:17
     |
 430 |         match (this.stdin) {
 431 |             Option::Some(mut handle) => {
 432 |                 handle.drop();
     |                 ^~~~~~~~~~~~~ explicit destructor call; the value is released at scope exit, and an aggregate's fields are released after its own `drop` runs. To release EARLY, write `mem::drop(x)`, which also stops the value being used afterwards. This is a warning while the tree is being cleaned up and will become an error
 433 |                 this.stdin = Option::None;
 434 |             }
     |

================================================================================
warning[W0015]: explicit destructor call; the value is released at scope exit, and an aggregate's fields are released after its own `drop` runs. To release EARLY, write `mem::drop(x)`, which also stops the value being used afterwards. This is a warning while the tree is being cleaned up and will become an error
 --> C:/Programming/apps/CryoLang/stdlib/process/child.cryo:833:5
     |
 831 |         j.fd = -1;
 832 |     }
 833 |     j.buf.drop();
     |     ^~~~~~~~~~~~ explicit destructor call; the value is released at scope exit, and an aggregate's fields are released after its own `drop` runs. To release EARLY, write `mem::drop(x)`, which also stops the value being used afterwards. This is a warning while the tree is being cleaned up and will become an error
 834 |     mut alloc: GlobalAlloc = GlobalAlloc::new();
 835 |     alloc.deallocate(NonNull::new(raw), Layout::of::<PipeDrainJob>());
     |

================================================================================
warning[W0015]: explicit destructor call; the value is released at scope exit, and an aggregate's fields are released after its own `drop` runs. To release EARLY, write `mem::drop(x)`, which also stops the value being used afterwards. This is a warning while the tree is being cleaned up and will become an error
 --> C:/Programming/apps/CryoLang/stdlib/process/child.cryo:921:17
     |
 919 |             Result::Ok(_)  => { return Poll::Ready(Result::Ok(b)); }
 920 |             Result::Err(e) => {
 921 |                 b.drop();
     |                 ^~~~~~~~ explicit destructor call; the value is released at scope exit, and an aggregate's fields are released after its own `drop` runs. To release EARLY, write `mem::drop(x)`, which also stops the value being used afterwards. This is a warning while the tree is being cleaned up and will become an error
 922 |                 return Poll::Ready(Result::Err(e));
 923 |             }
     |

================================================================================
warning[W0015]: explicit destructor call; the value is released at scope exit, and an aggregate's fields are released after its own `drop` runs. To release EARLY, write `mem::drop(x)`, which also stops the value being used afterwards. This is a warning while the tree is being cleaned up and will become an error
 --> C:/Programming/apps/CryoLang/stdlib/process/child.cryo:1045:9
      |
 1043 |             this.fd = -1;
 1044 |         }
 1045 |         this.buf.drop();
      |         ^~~~~~~~~~~~~~~ explicit destructor call; the value is released at scope exit, and an aggregate's fields are released after its own `drop` runs. To release EARLY, write `mem::drop(x)`, which also stops the value being used afterwards. This is a warning while the tree is being cleaned up and will become an error
 1046 |         this.let_go();
 1047 |     }
      |

================================================================================
warning[W0014]: redundant type suffix `u64` on numeric literal `9223372036u64`; the surrounding context already types it
 --> C:/Programming/apps/CryoLang/stdlib/future/timer.cryo:55:32
    |
 53 | 
 54 | /// The largest whole-second count whose nanosecond product still fits an `i64`.
 55 | const DEADLINE_MAX_SECS: u64 = 9223372036u64;
    |                                ^~~~~~~~~~~~~ redundant type suffix `u64` on numeric literal `9223372036u64`; the surrounding context already types it
 56 | 
 57 | /// `now + dur` as a monotonic-nanosecond deadline, saturating at `DEADLINE_MAX`
    |

================================================================================
warning[W0015]: explicit destructor call; the value is released at scope exit, and an aggregate's fields are released after its own `drop` runs. To release EARLY, write `mem::drop(x)`, which also stops the value being used afterwards. This is a warning while the tree is being cleaned up and will become an error
 --> C:/Programming/apps/CryoLang/stdlib/process/command.cryo:92:9
    |
 90 | implement trait Drop for struct ArgvBuf {
 91 |     drop(mut &this) -> void {
 92 |         this.buf.drop();
    |         ^~~~~~~~~~~~~~~ explicit destructor call; the value is released at scope exit, and an aggregate's fields are released after its own `drop` runs. To release EARLY, write `mem::drop(x)`, which also stops the value being used afterwards. This is a warning while the tree is being cleaned up and will become an error
 93 |         this.length = 0;
 94 |     }
    |

================================================================================
warning[W0015]: explicit destructor call; the value is released at scope exit, and an aggregate's fields are released after its own `drop` runs. To release EARLY, write `mem::drop(x)`, which also stops the value being used afterwards. This is a warning while the tree is being cleaned up and will become an error
 --> C:/Programming/apps/CryoLang/stdlib/process/command.cryo:275:17
     |
 273 |         match (failed) {
 274 |             Option::Some(e) => {
 275 |                 out_buf.drop();
     |                 ^~~~~~~~~~~~~~ explicit destructor call; the value is released at scope exit, and an aggregate's fields are released after its own `drop` runs. To release EARLY, write `mem::drop(x)`, which also stops the value being used afterwards. This is a warning while the tree is being cleaned up and will become an error
 276 |                 err_buf.drop();
 277 |                 return Result::Err(e);
     |

================================================================================
warning[W0015]: explicit destructor call; the value is released at scope exit, and an aggregate's fields are released after its own `drop` runs. To release EARLY, write `mem::drop(x)`, which also stops the value being used afterwards. This is a warning while the tree is being cleaned up and will become an error
 --> C:/Programming/apps/CryoLang/stdlib/process/command.cryo:276:17
     |
 274 |             Option::Some(e) => {
 275 |                 out_buf.drop();
 276 |                 err_buf.drop();
     |                 ^~~~~~~~~~~~~~ explicit destructor call; the value is released at scope exit, and an aggregate's fields are released after its own `drop` runs. To release EARLY, write `mem::drop(x)`, which also stops the value being used afterwards. This is a warning while the tree is being cleaned up and will become an error
 277 |                 return Result::Err(e);
 278 |             }
     |

================================================================================
warning[W0015]: explicit destructor call; the value is released at scope exit, and an aggregate's fields are released after its own `drop` runs. To release EARLY, write `mem::drop(x)`, which also stops the value being used afterwards. This is a warning while the tree is being cleaned up and will become an error
 --> C:/Programming/apps/CryoLang/stdlib/process/command.cryo:292:17
     |
 290 |             }
 291 |             Result::Err(e) => {
 292 |                 out_buf.drop();
     |                 ^~~~~~~~~~~~~~ explicit destructor call; the value is released at scope exit, and an aggregate's fields are released after its own `drop` runs. To release EARLY, write `mem::drop(x)`, which also stops the value being used afterwards. This is a warning while the tree is being cleaned up and will become an error
 293 |                 err_buf.drop();
 294 |                 return Result::Err(e);
     |

================================================================================
warning[W0015]: explicit destructor call; the value is released at scope exit, and an aggregate's fields are released after its own `drop` runs. To release EARLY, write `mem::drop(x)`, which also stops the value being used afterwards. This is a warning while the tree is being cleaned up and will become an error
 --> C:/Programming/apps/CryoLang/stdlib/process/command.cryo:293:17
     |
 291 |             Result::Err(e) => {
 292 |                 out_buf.drop();
 293 |                 err_buf.drop();
     |                 ^~~~~~~~~~~~~~ explicit destructor call; the value is released at scope exit, and an aggregate's fields are released after its own `drop` runs. To release EARLY, write `mem::drop(x)`, which also stops the value being used afterwards. This is a warning while the tree is being cleaned up and will become an error
 294 |                 return Result::Err(e);
 295 |             }
     |

================================================================================
warning[W0015]: explicit destructor call; the value is released at scope exit, and an aggregate's fields are released after its own `drop` runs. To release EARLY, write `mem::drop(x)`, which also stops the value being used afterwards. This is a warning while the tree is being cleaned up and will become an error
 --> C:/Programming/apps/CryoLang/stdlib/process/command.cryo:736:9
     |
 734 | implement trait Drop for struct EnvEntry {
 735 |     drop(mut &this) -> void {
 736 |         this.key.drop();
     |         ^~~~~~~~~~~~~~~ explicit destructor call; the value is released at scope exit, and an aggregate's fields are released after its own `drop` runs. To release EARLY, write `mem::drop(x)`, which also stops the value being used afterwards. This is a warning while the tree is being cleaned up and will become an error
 737 |         this.value.drop();
 738 |     }
     |

================================================================================
warning[W0015]: explicit destructor call; the value is released at scope exit, and an aggregate's fields are released after its own `drop` runs. To release EARLY, write `mem::drop(x)`, which also stops the value being used afterwards. This is a warning while the tree is being cleaned up and will become an error
 --> C:/Programming/apps/CryoLang/stdlib/process/command.cryo:737:9
     |
 735 |     drop(mut &this) -> void {
 736 |         this.key.drop();
 737 |         this.value.drop();
     |         ^~~~~~~~~~~~~~~~~ explicit destructor call; the value is released at scope exit, and an aggregate's fields are released after its own `drop` runs. To release EARLY, write `mem::drop(x)`, which also stops the value being used afterwards. This is a warning while the tree is being cleaned up and will become an error
 738 |     }
 739 | }
     |

================================================================================
warning[W0015]: explicit destructor call; the value is released at scope exit, and an aggregate's fields are released after its own `drop` runs. To release EARLY, write `mem::drop(x)`, which also stops the value being used afterwards. This is a warning while the tree is being cleaned up and will become an error
 --> C:/Programming/apps/CryoLang/stdlib/process/command.cryo:746:9
     |
 744 | implement trait Drop for struct Command {
 745 |     drop(mut &this) -> void {
 746 |         this.program.drop();
     |         ^~~~~~~~~~~~~~~~~~~ explicit destructor call; the value is released at scope exit, and an aggregate's fields are released after its own `drop` runs. To release EARLY, write `mem::drop(x)`, which also stops the value being used afterwards. This is a warning while the tree is being cleaned up and will become an error
 747 |         this.args.drop();
 748 |         this.envs.drop();
     |

================================================================================
warning[W0015]: explicit destructor call; the value is released at scope exit, and an aggregate's fields are released after its own `drop` runs. To release EARLY, write `mem::drop(x)`, which also stops the value being used afterwards. This is a warning while the tree is being cleaned up and will become an error
 --> C:/Programming/apps/CryoLang/stdlib/process/command.cryo:747:9
     |
 745 |     drop(mut &this) -> void {
 746 |         this.program.drop();
 747 |         this.args.drop();
     |         ^~~~~~~~~~~~~~~~ explicit destructor call; the value is released at scope exit, and an aggregate's fields are released after its own `drop` runs. To release EARLY, write `mem::drop(x)`, which also stops the value being used afterwards. This is a warning while the tree is being cleaned up and will become an error
 748 |         this.envs.drop();
 749 |         match (this.cwd) {
     |

================================================================================
warning[W0015]: explicit destructor call; the value is released at scope exit, and an aggregate's fields are released after its own `drop` runs. To release EARLY, write `mem::drop(x)`, which also stops the value being used afterwards. This is a warning while the tree is being cleaned up and will become an error
 --> C:/Programming/apps/CryoLang/stdlib/process/command.cryo:748:9
     |
 746 |         this.program.drop();
 747 |         this.args.drop();
 748 |         this.envs.drop();
     |         ^~~~~~~~~~~~~~~~ explicit destructor call; the value is released at scope exit, and an aggregate's fields are released after its own `drop` runs. To release EARLY, write `mem::drop(x)`, which also stops the value being used afterwards. This is a warning while the tree is being cleaned up and will become an error
 749 |         match (this.cwd) {
 750 |             Option::Some(mut path) => { }
     |

================================================================================
warning[W0015]: explicit destructor call; the value is released at scope exit, and an aggregate's fields are released after its own `drop` runs. To release EARLY, write `mem::drop(x)`, which also stops the value being used afterwards. This is a warning while the tree is being cleaned up and will become an error
 --> C:/Programming/apps/CryoLang/stdlib/process/command.cryo:759:9
     |
 757 | implement trait Drop for struct Output {
 758 |     drop(mut &this) -> void {
 759 |         this.stdout.drop();
     |         ^~~~~~~~~~~~~~~~~~ explicit destructor call; the value is released at scope exit, and an aggregate's fields are released after its own `drop` runs. To release EARLY, write `mem::drop(x)`, which also stops the value being used afterwards. This is a warning while the tree is being cleaned up and will become an error
 760 |         this.stderr.drop();
 761 |     }
     |

================================================================================
warning[W0015]: explicit destructor call; the value is released at scope exit, and an aggregate's fields are released after its own `drop` runs. To release EARLY, write `mem::drop(x)`, which also stops the value being used afterwards. This is a warning while the tree is being cleaned up and will become an error
 --> C:/Programming/apps/CryoLang/stdlib/process/command.cryo:760:9
     |
 758 |     drop(mut &this) -> void {
 759 |         this.stdout.drop();
 760 |         this.stderr.drop();
     |         ^~~~~~~~~~~~~~~~~~ explicit destructor call; the value is released at scope exit, and an aggregate's fields are released after its own `drop` runs. To release EARLY, write `mem::drop(x)`, which also stops the value being used afterwards. This is a warning while the tree is being cleaned up and will become an error
 761 |     }
 762 | }
     |

================================================================================
warning[W0015]: explicit destructor call; the value is released at scope exit, and an aggregate's fields are released after its own `drop` runs. To release EARLY, write `mem::drop(x)`, which also stops the value being used afterwards. This is a warning while the tree is being cleaned up and will become an error
 --> src/compiler/codegen/Passes.cryo:595:9
     |
 593 |             Result::Err(_) => { false }
 594 |         };
 595 |         text.drop();
     |         ^~~~~~~~~~~ explicit destructor call; the value is released at scope exit, and an aggregate's fields are released after its own `drop` runs. To release EARLY, write `mem::drop(x)`, which also stops the value being used afterwards. This is a warning while the tree is being cleaned up and will become an error
 596 |         return ok;
 597 |     }
     |

================================================================================
warning[W0015]: explicit destructor call; the value is released at scope exit, and an aggregate's fields are released after its own `drop` runs. To release EARLY, write `mem::drop(x)`, which also stops the value being used afterwards. This is a warning while the tree is being cleaned up and will become an error
 --> src/compiler/codegen/Passes.cryo:977:13
     |
 975 |             llvm::LLVMPrintModuleToFile(cg.llvm_module.raw, ll_path, &ll_err as void*);
 976 |             if (ll_err != null) { llvm::LLVMDisposeMessage(ll_err as void*); }
 977 |             mn_s.drop();
     |             ^~~~~~~~~~~ explicit destructor call; the value is released at scope exit, and an aggregate's fields are released after its own `drop` runs. To release EARLY, write `mem::drop(x)`, which also stops the value being used afterwards. This is a warning while the tree is being cleaned up and will become an error
 978 |         }
     |

================================================================================
warning[W0005]: implicit conversion between `i32` and `i64`; the narrower operand widens to the wider one. Write it with `as` - this is accepted for now and will become an error before v1.0.0
 --> src/compiler/resolver/name_resolution.cryo:208:30
     |
 206 |     declare_generics(generic_params: &GenericParamNode*[]) -> void {
 207 |         if (generic_params.length == 0) { return; }
 208 |         for (mut i: int = 0; i < generic_params.length; i++) {
     |                              ^~~~~~~~~~~~~~~~~~~~~~~~~ implicit conversion between `i32` and `i64`; the narrower operand widens to the wider one. Write it with `as` - this is accepted for now and will become an error before v1.0.0
 209 |             const gp: GenericParamNode* = generic_params[i];
 210 |             const prior_id: SymbolID = this.resolver.lookup(gp.name, this.resolver.current_scope);
     |

================================================================================
warning[W0005]: implicit conversion between `i32` and `i64`; the narrower operand widens to the wider one. Write it with `as` - this is accepted for now and will become an error before v1.0.0
 --> src/compiler/resolver/name_resolution.cryo:239:30
     |
 237 |         // (`<T, U = T>`) is answered by that parameter instead of being searched
 238 |         // for among declarations.
 239 |         for (mut i: int = 0; i < generic_params.length; i++) {
     |                              ^~~~~~~~~~~~~~~~~~~~~~~~~ implicit conversion between `i32` and `i64`; the narrower operand widens to the wider one. Write it with `as` - this is accepted for now and will become an error before v1.0.0
 240 |             const gp: GenericParamNode* = generic_params[i];
 241 |             if (gp.has_default_annotation()) {
     |

================================================================================
warning[W0005]: implicit conversion between `i32` and `i64`; the narrower operand widens to the wider one. Write it with `as` - this is accepted for now and will become an error before v1.0.0
 --> src/compiler/resolver/name_resolution.cryo:253:30
     |
 251 |     forward_declare(program: ProgramNode*) -> void {
 252 |         LOG_DEBUG(LogComponent::General, "[NameResolver] forward_declare() with %d statements", program.statements.length);
 253 |         for (mut i: int = 0; i < program.statements.length; i++) {
     |                              ^~~~~~~~~~~~~~~~~~~~~~~~~~~~~ implicit conversion between `i32` and `i64`; the narrower operand widens to the wider one. Write it with `as` - this is accepted for now and will become an error before v1.0.0
 254 |             const stmt: ASTNode* = program.statements[i];
 255 |             this.forward_declare_node(stmt);
     |

================================================================================
warning[W0005]: implicit conversion between `i32` and `i64`; the narrower operand widens to the wider one. Write it with `as` - this is accepted for now and will become an error before v1.0.0
 --> src/compiler/resolver/name_resolution.cryo:573:42
     |
 571 |                     const saved_scope: u64 = this.resolver.get_current_scope_id();
 572 |                     this.resolver.set_module(c_module);
 573 |                     for (mut j: int = 0; j < extern_node.functions.length; j++) {
     |                                          ^~~~~~~~~~~~~~~~~~~~~~~~~~~~~~~~ implicit conversion between `i32` and `i64`; the narrower operand widens to the wider one. Write it with `as` - this is accepted for now and will become an error before v1.0.0
 574 |                         const fn_node: FunctionDeclNode* = extern_node.functions[j];
 575 |                         const fn_sym: SymbolID = this.resolver.declare_function(
     |

================================================================================
warning[W0005]: implicit conversion between `i32` and `i64`; the narrower operand widens to the wider one. Write it with `as` - this is accepted for now and will become an error before v1.0.0
 --> src/compiler/resolver/name_resolution.cryo:583:42
     |
 581 |                 } else {
 582 |                     // Regular extern block: declare functions in current scope
 583 |                     for (mut j: int = 0; j < extern_node.functions.length; j++) {
     |                                          ^~~~~~~~~~~~~~~~~~~~~~~~~~~~~~~~ implicit conversion between `i32` and `i64`; the narrower operand widens to the wider one. Write it with `as` - this is accepted for now and will become an error before v1.0.0
 584 |                         const fn_node: FunctionDeclNode* = extern_node.functions[j];
 585 |                         const sym_id: SymbolID = this.resolver.declare_function(
     |

================================================================================
warning[W0005]: implicit conversion between `i32` and `i64`; the narrower operand widens to the wider one. Write it with `as` - this is accepted for now and will become an error before v1.0.0
 --> src/compiler/resolver/name_resolution.cryo:615:30
     |
 613 |         // again here would CREATE a second scope of the same name and walk into
 614 |         // it, leaving every symbol declared above unreachable from the walk.
 615 |         for (mut i: int = 0; i < node.statements.length; i++) {
     |                              ^~~~~~~~~~~~~~~~~~~~~~~~~~ implicit conversion between `i32` and `i64`; the narrower operand widens to the wider one. Write it with `as` - this is accepted for now and will become an error before v1.0.0
 616 |             node.statements[i].accept(this);
 617 |         }
     |

================================================================================
warning[W0005]: implicit conversion between `i32` and `i64`; the narrower operand widens to the wider one. Write it with `as` - this is accepted for now and will become an error before v1.0.0
 --> src/compiler/resolver/name_resolution.cryo:862:30
     |
 860 | 
 861 |         // Declare parameters and record spans for type write-back
 862 |         for (mut i: int = 0; i < node.parameters.length; i++) {
     |                              ^~~~~~~~~~~~~~~~~~~~~~~~~~ implicit conversion between `i32` and `i64`; the narrower operand widens to the wider one. Write it with `as` - this is accepted for now and will become an error before v1.0.0
 863 |             const param: VarDeclNode* = node.parameters[i];
 864 |             // Reject a duplicate parameter name (E0205). `Scope::insert` drops
     |

================================================================================
warning[W0005]: implicit conversion between `i32` and `i64`; the narrower operand widens to the wider one. Write it with `as` - this is accepted for now and will become an error before v1.0.0
 --> src/compiler/resolver/name_resolution.cryo:945:30
     |
 943 | 
 944 |         // Declare fields
 945 |         for (mut i: int = 0; i < node.fields.length; i++) {
     |                              ^~~~~~~~~~~~~~~~~~~~~~ implicit conversion between `i32` and `i64`; the narrower operand widens to the wider one. Write it with `as` - this is accepted for now and will become an error before v1.0.0
 946 |             const field: FieldDeclNode* = node.fields[i];
 947 |             this.resolver.declare_field(field.name, field.span);
     |

================================================================================
warning[W0005]: implicit conversion between `i32` and `i64`; the narrower operand widens to the wider one. Write it with `as` - this is accepted for now and will become an error before v1.0.0
 --> src/compiler/resolver/name_resolution.cryo:956:30
     |
 954 |         // separate first pass so a field's default value can name a sibling
 955 |         // declared after it.
 956 |         for (mut i: int = 0; i < node.fields.length; i++) {
     |                              ^~~~~~~~~~~~~~~~~~~~~~ implicit conversion between `i32` and `i64`; the narrower operand widens to the wider one. Write it with `as` - this is accepted for now and will become an error before v1.0.0
 957 |             node.fields[i].accept(this);
 958 |         }
     |

================================================================================
warning[W0005]: implicit conversion between `i32` and `i64`; the narrower operand widens to the wider one. Write it with `as` - this is accepted for now and will become an error before v1.0.0
 --> src/compiler/resolver/name_resolution.cryo:969:30
     |
 967 |         this.this_owner_decl = if (node.def.is_valid()) { node as ASTNode* } else { null };
 968 |         this.this_owner_sym = SymbolID::invalid();
 969 |         for (mut i: int = 0; i < node.methods.length; i++) {
     |                              ^~~~~~~~~~~~~~~~~~~~~~~ implicit conversion between `i32` and `i64`; the narrower operand widens to the wider one. Write it with `as` - this is accepted for now and will become an error before v1.0.0
 970 |             node.methods[i].accept(this);
 971 |         }
     |

================================================================================
warning[W0005]: implicit conversion between `i32` and `i64`; the narrower operand widens to the wider one. Write it with `as` - this is accepted for now and will become an error before v1.0.0
 --> src/compiler/resolver/name_resolution.cryo:989:30
     |
 987 | 
 988 |         // Declare fields
 989 |         for (mut i: int = 0; i < node.fields.length; i++) {
     |                              ^~~~~~~~~~~~~~~~~~~~~~ implicit conversion between `i32` and `i64`; the narrower operand widens to the wider one. Write it with `as` - this is accepted for now and will become an error before v1.0.0
 990 |             const field: FieldDeclNode* = node.fields[i];
 991 |             this.resolver.declare_field(field.name, field.span);
     |

================================================================================
warning[W0005]: implicit conversion between `i32` and `i64`; the narrower operand widens to the wider one. Write it with `as` - this is accepted for now and will become an error before v1.0.0
 --> src/compiler/resolver/name_resolution.cryo:1000:30
      |
  998 |         // separate first pass so a field's default value can name a sibling
  999 |         // declared after it.
 1000 |         for (mut i: int = 0; i < node.fields.length; i++) {
      |                              ^~~~~~~~~~~~~~~~~~~~~~ implicit conversion between `i32` and `i64`; the narrower operand widens to the wider one. Write it with `as` - this is accepted for now and will become an error before v1.0.0
 1001 |             node.fields[i].accept(this);
 1002 |         }
      |

================================================================================
warning[W0005]: implicit conversion between `i32` and `i64`; the narrower operand widens to the wider one. Write it with `as` - this is accepted for now and will become an error before v1.0.0
 --> src/compiler/resolver/name_resolution.cryo:1007:30
      |
 1005 |         // walked.
 1006 |         this.define_body_methods(node.def, &node.methods);
 1007 |         for (mut i: int = 0; i < node.methods.length; i++) {
      |                              ^~~~~~~~~~~~~~~~~~~~~~~ implicit conversion between `i32` and `i64`; the narrower operand widens to the wider one. Write it with `as` - this is accepted for now and will become an error before v1.0.0
 1008 |             node.methods[i].accept(this);
 1009 |         }
      |

================================================================================
warning[W0005]: implicit conversion between `i32` and `i64`; the narrower operand widens to the wider one. Write it with `as` - this is accepted for now and will become an error before v1.0.0
 --> src/compiler/resolver/name_resolution.cryo:1053:30
      |
 1051 | 
 1052 |         // Declare fields
 1053 |         for (mut i: int = 0; i < node.fields.length; i++) {
      |                              ^~~~~~~~~~~~~~~~~~~~~~ implicit conversion between `i32` and `i64`; the narrower operand widens to the wider one. Write it with `as` - this is accepted for now and will become an error before v1.0.0
 1054 |             const field: FieldDeclNode* = node.fields[i];
 1055 |             this.resolver.declare_field(field.name, field.span);
      |

================================================================================
warning[W0005]: implicit conversion between `i32` and `i64`; the narrower operand widens to the wider one. Write it with `as` - this is accepted for now and will become an error before v1.0.0
 --> src/compiler/resolver/name_resolution.cryo:1064:30
      |
 1062 |         // separate first pass so a field's default value can name a sibling
 1063 |         // declared after it.
 1064 |         for (mut i: int = 0; i < node.fields.length; i++) {
      |                              ^~~~~~~~~~~~~~~~~~~~~~ implicit conversion between `i32` and `i64`; the narrower operand widens to the wider one. Write it with `as` - this is accepted for now and will become an error before v1.0.0
 1065 |             node.fields[i].accept(this);
 1066 |         }
      |

================================================================================
warning[W0005]: implicit conversion between `i32` and `i64`; the narrower operand widens to the wider one. Write it with `as` - this is accepted for now and will become an error before v1.0.0
 --> src/compiler/resolver/name_resolution.cryo:1071:30
      |
 1069 |         // walked.
 1070 |         this.define_body_methods(node.def, &node.methods);
 1071 |         for (mut i: int = 0; i < node.methods.length; i++) {
      |                              ^~~~~~~~~~~~~~~~~~~~~~~ implicit conversion between `i32` and `i64`; the narrower operand widens to the wider one. Write it with `as` - this is accepted for now and will become an error before v1.0.0
 1072 |             node.methods[i].accept(this);
 1073 |         }
      |

================================================================================
warning[W0005]: implicit conversion between `i32` and `i64`; the narrower operand widens to the wider one. Write it with `as` - this is accepted for now and will become an error before v1.0.0
 --> src/compiler/resolver/name_resolution.cryo:1090:30
      |
 1088 | 
 1089 |         // Declare variants
 1090 |         for (mut i: int = 0; i < node.variants.length; i++) {
      |                              ^~~~~~~~~~~~~~~~~~~~~~~~ implicit conversion between `i32` and `i64`; the narrower operand widens to the wider one. Write it with `as` - this is accepted for now and will become an error before v1.0.0
 1091 |             const variant: EnumVariantNode* = node.variants[i];
 1092 |             this.resolver.declare_enum_variant(variant.name, variant.span);
      |

================================================================================
warning[W0005]: implicit conversion between `i32` and `i64`; the narrower operand widens to the wider one. Write it with `as` - this is accepted for now and will become an error before v1.0.0
 --> src/compiler/resolver/name_resolution.cryo:1134:30
      |
 1132 |         // Every signature is declared before any body is walked, so a default
 1133 |         // body may call a sibling method declared after it.
 1134 |         for (mut i: int = 0; i < node.methods.length; i++) {
      |                              ^~~~~~~~~~~~~~~~~~~~~~~ implicit conversion between `i32` and `i64`; the narrower operand widens to the wider one. Write it with `as` - this is accepted for now and will become an error before v1.0.0
 1135 |             const method: FunctionDeclNode* = node.methods[i];
 1136 |             this.resolver.declare_method(method.name, method.span, true,
      |

================================================================================
warning[W0005]: implicit conversion between `i32` and `i64`; the narrower operand widens to the wider one. Write it with `as` - this is accepted for now and will become an error before v1.0.0
 --> src/compiler/resolver/name_resolution.cryo:1147:30
      |
 1145 |         // instantiation time.  A method with no default has no body, and
 1146 |         // `visit(FunctionDeclNode*)` already walks one only when it exists.
 1147 |         for (mut i: int = 0; i < node.methods.length; i++) {
      |                              ^~~~~~~~~~~~~~~~~~~~~~~ implicit conversion between `i32` and `i64`; the narrower operand widens to the wider one. Write it with `as` - this is accepted for now and will become an error before v1.0.0
 1148 |             node.methods[i].accept(this);
 1149 |         }
      |

================================================================================
warning[W0005]: implicit conversion between `i32` and `i64`; the narrower operand widens to the wider one. Write it with `as` - this is accepted for now and will become an error before v1.0.0
 --> src/compiler/resolver/name_resolution.cryo:1227:30
      |
 1225 |         // the trait's definition, the implementation's is the type's.
 1226 |         const method_owner: DefId = this.impl_owner_def(node);
 1227 |         for (mut i: int = 0; i < node.methods.length; i++) {
      |                              ^~~~~~~~~~~~~~~~~~~~~~~ implicit conversion between `i32` and `i64`; the narrower operand widens to the wider one. Write it with `as` - this is accepted for now and will become an error before v1.0.0
 1228 |             const method: MethodNode* = node.methods[i];
 1229 |             if (method.func != null) {
      |

================================================================================
warning[W0005]: implicit conversion between `i32` and `i64`; the narrower operand widens to the wider one. Write it with `as` - this is accepted for now and will become an error before v1.0.0
 --> src/compiler/resolver/name_resolution.cryo:1401:30
      |
 1399 |     override visit(node: ExternBlockNode*) -> void {
 1400 |         // Already forward-declared functions; visit bodies if any.
 1401 |         for (mut i: int = 0; i < node.functions.length; i++) {
      |                              ^~~~~~~~~~~~~~~~~~~~~~~~~ implicit conversion between `i32` and `i64`; the narrower operand widens to the wider one. Write it with `as` - this is accepted for now and will become an error before v1.0.0
 1402 |             node.functions[i].accept(this);
 1403 |         }
      |

================================================================================
warning[W0005]: implicit conversion between `i32` and `i64`; the narrower operand widens to the wider one. Write it with `as` - this is accepted for now and will become an error before v1.0.0
 --> src/compiler/resolver/name_resolution.cryo:1417:34
      |
 1415 |         if (node.has_body()) {
 1416 |             this.resolver.enter_scope(ScopeKind::Function, this.resolver.intern_table.resolve(node.name), node.span);
 1417 |             for (mut i: int = 0; i < node.parameters.length; i++) {
      |                                  ^~~~~~~~~~~~~~~~~~~~~~~~~~ implicit conversion between `i32` and `i64`; the narrower operand widens to the wider one. Write it with `as` - this is accepted for now and will become an error before v1.0.0
 1418 |                 const param: VarDeclNode* = node.parameters[i];
 1419 |                 const param_sym: SymbolID = this.resolver.declare_parameter(param.name, param.span);
      |

================================================================================
warning[W0005]: implicit conversion between `i32` and `i64`; the narrower operand widens to the wider one. Write it with `as` - this is accepted for now and will become an error before v1.0.0
 --> src/compiler/resolver/name_resolution.cryo:2916:30
      |
 2914 | 
 2915 |         // Visit arguments
 2916 |         for (mut i: int = 0; i < node.arguments.length; i++) {
      |                              ^~~~~~~~~~~~~~~~~~~~~~~~~ implicit conversion between `i32` and `i64`; the narrower operand widens to the wider one. Write it with `as` - this is accepted for now and will become an error before v1.0.0
 2917 |             node.arguments[i].accept(this);
 2918 |         }
      |

================================================================================
warning[W0005]: implicit conversion between `i32` and `i64`; the narrower operand widens to the wider one. Write it with `as` - this is accepted for now and will become an error before v1.0.0
 --> src/compiler/resolver/name_resolution.cryo:2952:30
      |
 2950 |     override visit(node: MatchExprNode*) -> void {
 2951 |         node.subject.accept(this);
 2952 |         for (mut i: int = 0; i < node.arms.length; i++) {
      |                              ^~~~~~~~~~~~~~~~~~~~ implicit conversion between `i32` and `i64`; the narrower operand widens to the wider one. Write it with `as` - this is accepted for now and will become an error before v1.0.0
 2953 |             node.arms[i].accept(this);
 2954 |         }
      |

================================================================================
warning[W0005]: implicit conversion between `i32` and `i64`; the narrower operand widens to the wider one. Write it with `as` - this is accepted for now and will become an error before v1.0.0
 --> src/compiler/resolver/name_resolution.cryo:2962:30
      |
 2960 |         // slot must find an answer there, not a name to search for.
 2961 |         this.stamp_annotation(node.scrutinee);
 2962 |         for (mut i: int = 0; i < node.arms.length; i++) {
      |                              ^~~~~~~~~~~~~~~~~~~~ implicit conversion between `i32` and `i64`; the narrower operand widens to the wider one. Write it with `as` - this is accepted for now and will become an error before v1.0.0
 2963 |             node.arms[i].accept(this);
 2964 |         }
      |

================================================================================
warning[W0005]: implicit conversion between `i32` and `i64`; the narrower operand widens to the wider one. Write it with `as` - this is accepted for now and will become an error before v1.0.0
 --> src/compiler/resolver/name_resolution.cryo:3038:30
      |
 3036 |         this.stamp_annotation_list(&node.generic_args);
 3037 | 
 3038 |         for (mut i: int = 0; i < node.arguments.length; i++) {
      |                              ^~~~~~~~~~~~~~~~~~~~~~~~~ implicit conversion between `i32` and `i64`; the narrower operand widens to the wider one. Write it with `as` - this is accepted for now and will become an error before v1.0.0
 3039 |             node.arguments[i].accept(this);
 3040 |         }
      |

================================================================================
warning[W0005]: implicit conversion between `i32` and `i64`; the narrower operand widens to the wider one. Write it with `as` - this is accepted for now and will become an error before v1.0.0
 --> src/compiler/resolver/name_resolution.cryo:3083:30
      |
 3081 | 
 3082 |         // Visit field initializer expressions
 3083 |         for (mut i: int = 0; i < node.field_inits.length; i++) {
      |                              ^~~~~~~~~~~~~~~~~~~~~~~~~~~ implicit conversion between `i32` and `i64`; the narrower operand widens to the wider one. Write it with `as` - this is accepted for now and will become an error before v1.0.0
 3084 |             const init_value: ExpressionNode* = node.field_inits[i].value as ExpressionNode*;
 3085 |             if (init_value != null) {
      |

================================================================================
warning[W0005]: implicit conversion between `i32` and `i64`; the narrower operand widens to the wider one. Write it with `as` - this is accepted for now and will become an error before v1.0.0
 --> src/compiler/resolver/name_resolution.cryo:3092:30
      |
 3090 | 
 3091 |     override visit(node: ArrayLiteralNode*) -> void {
 3092 |         for (mut i: int = 0; i < node.elements.length; i++) {
      |                              ^~~~~~~~~~~~~~~~~~~~~~~~ implicit conversion between `i32` and `i64`; the narrower operand widens to the wider one. Write it with `as` - this is accepted for now and will become an error before v1.0.0
 3093 |             node.elements[i].accept(this);
 3094 |         }
      |

================================================================================
warning[W0005]: implicit conversion between `i32` and `i64`; the narrower operand widens to the wider one. Write it with `as` - this is accepted for now and will become an error before v1.0.0
 --> src/compiler/resolver/name_resolution.cryo:3101:30
      |
 3099 | 
 3100 |     override visit(node: TupleLiteralNode*) -> void {
 3101 |         for (mut i: int = 0; i < node.elements.length; i++) {
      |                              ^~~~~~~~~~~~~~~~~~~~~~~~ implicit conversion between `i32` and `i64`; the narrower operand widens to the wider one. Write it with `as` - this is accepted for now and will become an error before v1.0.0
 3102 |             node.elements[i].accept(this);
 3103 |         }
      |

================================================================================
warning[W0005]: implicit conversion between `i32` and `i64`; the narrower operand widens to the wider one. Write it with `as` - this is accepted for now and will become an error before v1.0.0
 --> src/compiler/resolver/name_resolution.cryo:3115:30
      |
 3113 | 
 3114 |         // Declare parameters
 3115 |         for (mut i: int = 0; i < node.parameters.length; i++) {
      |                              ^~~~~~~~~~~~~~~~~~~~~~~~~~ implicit conversion between `i32` and `i64`; the narrower operand widens to the wider one. Write it with `as` - this is accepted for now and will become an error before v1.0.0
 3116 |             const param: VarDeclNode* = node.parameters[i];
 3117 |             param.set_sym_id(this.resolver.declare_parameter(param.name, param.span));
      |

================================================================================
warning[W0005]: implicit conversion between `i32` and `i64`; the narrower operand widens to the wider one. Write it with `as` - this is accepted for now and will become an error before v1.0.0
 --> src/compiler/resolver/name_resolution.cryo:3220:30
      |
 3218 |     override visit(node: MatchStmtNode*) -> void {
 3219 |         node.subject.accept(this);
 3220 |         for (mut i: int = 0; i < node.arms.length; i++) {
      |                              ^~~~~~~~~~~~~~~~~~~~ implicit conversion between `i32` and `i64`; the narrower operand widens to the wider one. Write it with `as` - this is accepted for now and will become an error before v1.0.0
 3221 |             node.arms[i].accept(this);
 3222 |         }
      |

================================================================================
warning[W0005]: implicit conversion between `i32` and `i64`; the narrower operand widens to the wider one. Write it with `as` - this is accepted for now and will become an error before v1.0.0
 --> src/compiler/resolver/name_resolution.cryo:3230:30
      |
 3228 | 
 3229 |         // Visit patterns (may introduce bindings)
 3230 |         for (mut i: int = 0; i < node.patterns.length; i++) {
      |                              ^~~~~~~~~~~~~~~~~~~~~~~~ implicit conversion between `i32` and `i64`; the narrower operand widens to the wider one. Write it with `as` - this is accepted for now and will become an error before v1.0.0
 3231 |             this.in_alternative = i > 0;
 3232 |             node.patterns[i].accept(this);
      |

================================================================================
warning[W0005]: implicit conversion between `i32` and `i64`; the narrower operand widens to the wider one. Write it with `as` - this is accepted for now and will become an error before v1.0.0
 --> src/compiler/resolver/name_resolution.cryo:3255:30
      |
 3253 |     override visit(node: StaticMatchStmtNode*) -> void {
 3254 |         this.stamp_annotation(node.scrutinee);
 3255 |         for (mut i: int = 0; i < node.arms.length; i++) {
      |                              ^~~~~~~~~~~~~~~~~~~~ implicit conversion between `i32` and `i64`; the narrower operand widens to the wider one. Write it with `as` - this is accepted for now and will become an error before v1.0.0
 3256 |             node.arms[i].accept(this);
 3257 |         }
      |

================================================================================
warning[W0005]: implicit conversion between `i32` and `i64`; the narrower operand widens to the wider one. Write it with `as` - this is accepted for now and will become an error before v1.0.0
 --> src/compiler/resolver/name_resolution.cryo:3379:30
      |
 3377 |     visit_block_contents(block: BlockStmtNode*) -> void {
 3378 |         if (block == null) { return; }
 3379 |         for (mut i: int = 0; i < block.statements.length; i++) {
      |                              ^~~~~~~~~~~~~~~~~~~~~~~~~~~ implicit conversion between `i32` and `i64`; the narrower operand widens to the wider one. Write it with `as` - this is accepted for now and will become an error before v1.0.0
 3380 |             block.statements[i].accept(this);
 3381 |         }
      |

================================================================================
warning[W0005]: implicit conversion between `u32` and `i64`; the narrower operand widens to the wider one. Write it with `as` - this is accepted for now and will become an error before v1.0.0
 --> src/compiler/resolver/name_resolution.cryo:3549:31
      |
 3547 |         const prefix: string = resolved_module + "::";
 3548 |         const graph: ModuleGraph* = this.ctx.module_graph;
 3549 |         for (mut mi: u32 = 0; mi < graph.modules.length; mi++) {
      |                               ^~~~~~~~~~~~~~~~~~~~~~~~~ implicit conversion between `u32` and `i64`; the narrower operand widens to the wider one. Write it with `as` - this is accepted for now and will become an error before v1.0.0
 3550 |             const cand: string = this.resolver.intern_table.shown(graph.modules[mi].path().decl_name());
 3551 |             if (!cand.starts_with(prefix)) { continue; }
      |

================================================================================
warning[W0005]: implicit conversion between `i32` and `i64`; the narrower operand widens to the wider one. Write it with `as` - this is accepted for now and will become an error before v1.0.0
 --> src/compiler/resolver/name_resolution.cryo:3755:34
      |
 3753 |             // exactly what `import compiler::compile_mode;` does in Wildcard
 3754 |             // mode.
 3755 |             for (mut i: int = 0; i < node.specific_imports.length; i++) {
      |                                  ^~~~~~~~~~~~~~~~~~~~~~~~~~~~~~~~ implicit conversion between `i32` and `i64`; the narrower operand widens to the wider one. Write it with `as` - this is accepted for now and will become an error before v1.0.0
 3756 |                 const name: SymbolStr = node.specific_imports[i];
 3757 |                 // `parse as toml_parse`: the declarations offered under `name`
      |

================================================================================
warning[W0005]: implicit conversion between `i32` and `i64`; the narrower operand widens to the wider one. Write it with `as` - this is accepted for now and will become an error before v1.0.0
 --> src/compiler/types/arena.cryo:1377:30
      |
 1375 |         cdebug(Text::new("------+------------------+------------------------------+-------+-------+----------------------+--------+-------------------+---------------------------\n"));
 1376 | 
 1377 |         for (mut i: int = 0; i < this.types.length; i++) {
      |                              ^~~~~~~~~~~~~~~~~~~~~ implicit conversion between `i32` and `i64`; the narrower operand widens to the wider one. Write it with `as` - this is accepted for now and will become an error before v1.0.0
 1378 |             const ty: Type* = this.types[i];
 1379 |             if (ty == null) { continue; }
      |

================================================================================
warning[W0005]: implicit conversion between `i32` and `i64`; the narrower operand widens to the wider one. Write it with `as` - this is accepted for now and will become an error before v1.0.0
 --> src/compiler/types/arena.cryo:1403:30
      |
 1401 |         mut n_resolved_inst: i64 = 0;
 1402 | 
 1403 |         for (mut j: int = 0; j < this.types.length; j++) {
      |                              ^~~~~~~~~~~~~~~~~~~~~ implicit conversion between `i32` and `i64`; the narrower operand widens to the wider one. Write it with `as` - this is accepted for now and will become an error before v1.0.0
 1404 |             const t: Type* = this.types[j];
 1405 |             if (t == null) { continue; }
      |

================================================================================
warning[W0005]: implicit conversion between `i32` and `i64`; the narrower operand widens to the wider one. Write it with `as` - this is accepted for now and will become an error before v1.0.0
 --> src/compiler/AST/Dumper.cryo:123:38
     |
 121 |             TypeAnnotation::Function(f) => {
 122 |                 fmt::printf("(");
 123 |                 for (mut i: int = 0; i < f.parameters.length; i++) {
     |                                      ^~~~~~~~~~~~~~~~~~~~~~~ implicit conversion between `i32` and `i64`; the narrower operand widens to the wider one. Write it with `as` - this is accepted for now and will become an error before v1.0.0
 124 |                     if (i > 0) { fmt::printf(", "); }
 125 |                     this.print_type_annotation(f.parameters[i]);
     |

================================================================================
warning[W0005]: implicit conversion between `i32` and `i64`; the narrower operand widens to the wider one. Write it with `as` - this is accepted for now and will become an error before v1.0.0
 --> src/compiler/AST/Dumper.cryo:132:38
     |
 130 |             TypeAnnotation::Tuple(t) => {
 131 |                 fmt::printf("(");
 132 |                 for (mut i: int = 0; i < t.elements.length; i++) {
     |                                      ^~~~~~~~~~~~~~~~~~~~~ implicit conversion between `i32` and `i64`; the narrower operand widens to the wider one. Write it with `as` - this is accepted for now and will become an error before v1.0.0
 133 |                     if (i > 0) { fmt::printf(", "); }
 134 |                     this.print_type_annotation(t.elements[i]);
     |

================================================================================
warning[W0005]: implicit conversion between `i32` and `i64`; the narrower operand widens to the wider one. Write it with `as` - this is accepted for now and will become an error before v1.0.0
 --> src/compiler/AST/Dumper.cryo:141:38
     |
 139 |                 this.print_type_annotation(g.base);
 140 |                 fmt::printf("<");
 141 |                 for (mut i: int = 0; i < g.args.length; i++) {
     |                                      ^~~~~~~~~~~~~~~~~ implicit conversion between `i32` and `i64`; the narrower operand widens to the wider one. Write it with `as` - this is accepted for now and will become an error before v1.0.0
 142 |                     if (i > 0) { fmt::printf(", "); }
 143 |                     this.print_type_annotation(g.args[i]);
     |

================================================================================
warning[W0005]: implicit conversion between `i32` and `i64`; the narrower operand widens to the wider one. Write it with `as` - this is accepted for now and will become an error before v1.0.0
 --> src/compiler/AST/Dumper.cryo:155:38
     |
 153 |             TypeAnnotation::ImplTrait(imp) => {
 154 |                 fmt::printf("implement ");
 155 |                 for (mut i: int = 0; i < imp.bounds.length; i++) {
     |                                      ^~~~~~~~~~~~~~~~~~~~~ implicit conversion between `i32` and `i64`; the narrower operand widens to the wider one. Write it with `as` - this is accepted for now and will become an error before v1.0.0
 156 |                     if (i > 0) { fmt::printf(" + "); }
 157 |                     this.print_type_annotation(imp.bounds[i]);
     |

================================================================================
warning[W0005]: implicit conversion between `i32` and `i64`; the narrower operand widens to the wider one. Write it with `as` - this is accepted for now and will become an error before v1.0.0
 --> src/compiler/AST/Dumper.cryo:228:30
     |
 226 |         fmt::printf("\n");
 227 | 
 228 |         for (mut i: int = 0; i < node.statements.length; i++) {
     |                              ^~~~~~~~~~~~~~~~~~~~~~~~~~ implicit conversion between `i32` and `i64`; the narrower operand widens to the wider one. Write it with `as` - this is accepted for now and will become an error before v1.0.0
 229 |             const is_last: boolean = (i == node.statements.length - 1);
 230 |             this.dump_child(node.statements[i], is_last);
     |

================================================================================
warning[W0005]: implicit conversion between `i32` and `i64`; the narrower operand widens to the wider one. Write it with `as` - this is accepted for now and will become an error before v1.0.0
 --> src/compiler/AST/Dumper.cryo:229:39
     |
 227 | 
 228 |         for (mut i: int = 0; i < node.statements.length; i++) {
 229 |             const is_last: boolean = (i == node.statements.length - 1);
     |                                       ^~~~~~~~~~~~~~~~~~~~~~~~~~~~~~~ implicit conversion between `i32` and `i64`; the narrower operand widens to the wider one. Write it with `as` - this is accepted for now and will become an error before v1.0.0
 230 |             this.dump_child(node.statements[i], is_last);
 231 |         }
     |

================================================================================
warning[W0005]: implicit conversion between `i32` and `i64`; the narrower operand widens to the wider one. Write it with `as` - this is accepted for now and will become an error before v1.0.0
 --> src/compiler/AST/Dumper.cryo:356:34
     |
 354 |         if (node.generic_args.length > 0) {
 355 |             fmt::printf(" \x1b[1;36m<");
 356 |             for (mut i: int = 0; i < node.generic_args.length; i++) {
     |                                  ^~~~~~~~~~~~~~~~~~~~~~~~~~~~ implicit conversion between `i32` and `i64`; the narrower operand widens to the wider one. Write it with `as` - this is accepted for now and will become an error before v1.0.0
 357 |                 if (i > 0) { fmt::printf(", "); }
 358 |                 this.print_type_annotation(node.generic_args[i]);
     |

================================================================================
warning[W0005]: implicit conversion between `i32` and `i64`; the narrower operand widens to the wider one. Write it with `as` - this is accepted for now and will become an error before v1.0.0
 --> src/compiler/AST/Dumper.cryo:379:30
     |
 377 |         fmt::printf("\n");
 378 | 
 379 |         for (mut i: int = 0; i < node.arguments.length; i++) {
     |                              ^~~~~~~~~~~~~~~~~~~~~~~~~ implicit conversion between `i32` and `i64`; the narrower operand widens to the wider one. Write it with `as` - this is accepted for now and will become an error before v1.0.0
 380 |             const is_last: boolean = (i == node.arguments.length - 1) && !node.has_array_size() && !node.has_struct_init();
 381 |             this.dump_child(node.arguments[i] as ASTNode*, is_last);
     |

================================================================================
warning[W0005]: implicit conversion between `i32` and `i64`; the narrower operand widens to the wider one. Write it with `as` - this is accepted for now and will become an error before v1.0.0
 --> src/compiler/AST/Dumper.cryo:380:39
     |
 378 | 
 379 |         for (mut i: int = 0; i < node.arguments.length; i++) {
 380 |             const is_last: boolean = (i == node.arguments.length - 1) && !node.has_array_size() && !node.has_struct_init();
     |                                       ^~~~~~~~~~~~~~~~~~~~~~~~~~~~~~ implicit conversion between `i32` and `i64`; the narrower operand widens to the wider one. Write it with `as` - this is accepted for now and will become an error before v1.0.0
 381 |             this.dump_child(node.arguments[i] as ASTNode*, is_last);
 382 |         }
     |

================================================================================
warning[W0005]: implicit conversion between `i32` and `i64`; the narrower operand widens to the wider one. Write it with `as` - this is accepted for now and will become an error before v1.0.0
 --> src/compiler/AST/Dumper.cryo:431:30
     |
 429 | 
 430 |         // FieldInit is a plain struct (not an ASTNode), handle inline.
 431 |         for (mut i: int = 0; i < node.field_inits.length; i++) {
     |                              ^~~~~~~~~~~~~~~~~~~~~~~~~~~ implicit conversion between `i32` and `i64`; the narrower operand widens to the wider one. Write it with `as` - this is accepted for now and will become an error before v1.0.0
 432 |             const is_last: boolean = (i == node.field_inits.length - 1);
 433 |             const init: FieldInit = node.field_inits[i];
     |

================================================================================
warning[W0005]: implicit conversion between `i32` and `i64`; the narrower operand widens to the wider one. Write it with `as` - this is accepted for now and will become an error before v1.0.0
 --> src/compiler/AST/Dumper.cryo:432:39
     |
 430 |         // FieldInit is a plain struct (not an ASTNode), handle inline.
 431 |         for (mut i: int = 0; i < node.field_inits.length; i++) {
 432 |             const is_last: boolean = (i == node.field_inits.length - 1);
     |                                       ^~~~~~~~~~~~~~~~~~~~~~~~~~~~~~~~ implicit conversion between `i32` and `i64`; the narrower operand widens to the wider one. Write it with `as` - this is accepted for now and will become an error before v1.0.0
 433 |             const init: FieldInit = node.field_inits[i];
     |

================================================================================
warning[W0005]: implicit conversion between `i32` and `i64`; the narrower operand widens to the wider one. Write it with `as` - this is accepted for now and will become an error before v1.0.0
 --> src/compiler/AST/Dumper.cryo:452:30
     |
 450 |         fmt::printf("\n");
 451 | 
 452 |         for (mut i: int = 0; i < node.elements.length; i++) {
     |                              ^~~~~~~~~~~~~~~~~~~~~~~~ implicit conversion between `i32` and `i64`; the narrower operand widens to the wider one. Write it with `as` - this is accepted for now and will become an error before v1.0.0
 453 |             const is_last: boolean = (i == node.elements.length - 1);
 454 |             this.dump_child(node.elements[i] as ASTNode*, is_last);
     |

================================================================================
warning[W0005]: implicit conversion between `i32` and `i64`; the narrower operand widens to the wider one. Write it with `as` - this is accepted for now and will become an error before v1.0.0
 --> src/compiler/AST/Dumper.cryo:453:39
     |
 451 | 
 452 |         for (mut i: int = 0; i < node.elements.length; i++) {
 453 |             const is_last: boolean = (i == node.elements.length - 1);
     |                                       ^~~~~~~~~~~~~~~~~~~~~~~~~~~~~ implicit conversion between `i32` and `i64`; the narrower operand widens to the wider one. Write it with `as` - this is accepted for now and will become an error before v1.0.0
 454 |             this.dump_child(node.elements[i] as ASTNode*, is_last);
 455 |         }
     |

================================================================================
warning[W0005]: implicit conversion between `i32` and `i64`; the narrower operand widens to the wider one. Write it with `as` - this is accepted for now and will become an error before v1.0.0
 --> src/compiler/AST/Dumper.cryo:464:30
     |
 462 |         fmt::printf("\n");
 463 | 
 464 |         for (mut i: int = 0; i < node.elements.length; i++) {
     |                              ^~~~~~~~~~~~~~~~~~~~~~~~ implicit conversion between `i32` and `i64`; the narrower operand widens to the wider one. Write it with `as` - this is accepted for now and will become an error before v1.0.0
 465 |             const is_last: boolean = (i == node.elements.length - 1);
 466 |             this.dump_child(node.elements[i] as ASTNode*, is_last);
     |

================================================================================
warning[W0005]: implicit conversion between `i32` and `i64`; the narrower operand widens to the wider one. Write it with `as` - this is accepted for now and will become an error before v1.0.0
 --> src/compiler/AST/Dumper.cryo:465:39
     |
 463 | 
 464 |         for (mut i: int = 0; i < node.elements.length; i++) {
 465 |             const is_last: boolean = (i == node.elements.length - 1);
     |                                       ^~~~~~~~~~~~~~~~~~~~~~~~~~~~~ implicit conversion between `i32` and `i64`; the narrower operand widens to the wider one. Write it with `as` - this is accepted for now and will become an error before v1.0.0
 466 |             this.dump_child(node.elements[i] as ASTNode*, is_last);
 467 |         }
     |

================================================================================
warning[W0005]: implicit conversion between `i32` and `i64`; the narrower operand widens to the wider one. Write it with `as` - this is accepted for now and will become an error before v1.0.0
 --> src/compiler/AST/Dumper.cryo:476:30
     |
 474 |         fmt::printf("\n");
 475 | 
 476 |         for (mut i: int = 0; i < node.parameters.length; i++) {
     |                              ^~~~~~~~~~~~~~~~~~~~~~~~~~ implicit conversion between `i32` and `i64`; the narrower operand widens to the wider one. Write it with `as` - this is accepted for now and will become an error before v1.0.0
 477 |             const is_last: boolean = (i == node.parameters.length - 1) && (node.body == null);
 478 |             this.dump_child(node.parameters[i] as ASTNode*, is_last);
     |

================================================================================
warning[W0005]: implicit conversion between `i32` and `i64`; the narrower operand widens to the wider one. Write it with `as` - this is accepted for now and will become an error before v1.0.0
 --> src/compiler/AST/Dumper.cryo:477:39
     |
 475 | 
 476 |         for (mut i: int = 0; i < node.parameters.length; i++) {
 477 |             const is_last: boolean = (i == node.parameters.length - 1) && (node.body == null);
     |                                       ^~~~~~~~~~~~~~~~~~~~~~~~~~~~~~~ implicit conversion between `i32` and `i64`; the narrower operand widens to the wider one. Write it with `as` - this is accepted for now and will become an error before v1.0.0
 478 |             this.dump_child(node.parameters[i] as ASTNode*, is_last);
 479 |         }
     |

================================================================================
warning[W0005]: implicit conversion between `i32` and `i64`; the narrower operand widens to the wider one. Write it with `as` - this is accepted for now and will become an error before v1.0.0
 --> src/compiler/AST/Dumper.cryo:517:34
     |
 515 |         if (node.scope_generic_args.length > 0) {
 516 |             fmt::printf(" \x1b[1;37m'%s<", this.resolve(node.scope_name));
 517 |             for (mut i: int = 0; i < node.scope_generic_args.length; i++) {
     |                                  ^~~~~~~~~~~~~~~~~~~~~~~~~~~~~~~~~~ implicit conversion between `i32` and `i64`; the narrower operand widens to the wider one. Write it with `as` - this is accepted for now and will become an error before v1.0.0
 518 |                 if (i > 0) { fmt::printf(", "); }
 519 |                 this.print_type_annotation(node.scope_generic_args[i]);
     |

================================================================================
warning[W0005]: implicit conversion between `i32` and `i64`; the narrower operand widens to the wider one. Write it with `as` - this is accepted for now and will become an error before v1.0.0
 --> src/compiler/AST/Dumper.cryo:589:30
     |
 587 |         fmt::printf("\n");
 588 | 
 589 |         for (mut i: int = 0; i < node.statements.length; i++) {
     |                              ^~~~~~~~~~~~~~~~~~~~~~~~~~ implicit conversion between `i32` and `i64`; the narrower operand widens to the wider one. Write it with `as` - this is accepted for now and will become an error before v1.0.0
 590 |             const is_last: boolean = (i == node.statements.length - 1);
 591 |             this.dump_child(node.statements[i] as ASTNode*, is_last);
     |

================================================================================
warning[W0005]: implicit conversion between `i32` and `i64`; the narrower operand widens to the wider one. Write it with `as` - this is accepted for now and will become an error before v1.0.0
 --> src/compiler/AST/Dumper.cryo:590:39
     |
 588 | 
 589 |         for (mut i: int = 0; i < node.statements.length; i++) {
 590 |             const is_last: boolean = (i == node.statements.length - 1);
     |                                       ^~~~~~~~~~~~~~~~~~~~~~~~~~~~~~~ implicit conversion between `i32` and `i64`; the narrower operand widens to the wider one. Write it with `as` - this is accepted for now and will become an error before v1.0.0
 591 |             this.dump_child(node.statements[i] as ASTNode*, is_last);
 592 |         }
     |

================================================================================
warning[W0005]: implicit conversion between `i32` and `i64`; the narrower operand widens to the wider one. Write it with `as` - this is accepted for now and will become an error before v1.0.0
 --> src/compiler/AST/Dumper.cryo:819:30
     |
 817 |         // Print function signature: '(param_types...) -> return_type'
 818 |         fmt::printf(" \x1b[1;31m'(");
 819 |         for (mut i: int = 0; i < node.parameters.length; i++) {
     |                              ^~~~~~~~~~~~~~~~~~~~~~~~~~ implicit conversion between `i32` and `i64`; the narrower operand widens to the wider one. Write it with `as` - this is accepted for now and will become an error before v1.0.0
 820 |             if (i > 0) { fmt::printf(", "); }
 821 |             const p: VarDeclNode* = node.parameters[i];
     |

================================================================================
warning[W0005]: implicit conversion between `i32` and `i64`; the narrower operand widens to the wider one. Write it with `as` - this is accepted for now and will become an error before v1.0.0
 --> src/compiler/AST/Dumper.cryo:840:30
     |
 838 | 
 839 |         // Generic params
 840 |         for (mut i: int = 0; i < node.generic_params.length; i++) {
     |                              ^~~~~~~~~~~~~~~~~~~~~~~~~~~~~~ implicit conversion between `i32` and `i64`; the narrower operand widens to the wider one. Write it with `as` - this is accepted for now and will become an error before v1.0.0
 841 |             const is_last: boolean = (i == node.generic_params.length - 1)
 842 |                 && (node.parameters.length == 0) && !node.has_body();
     |

================================================================================
warning[W0005]: implicit conversion between `i32` and `i64`; the narrower operand widens to the wider one. Write it with `as` - this is accepted for now and will become an error before v1.0.0
 --> src/compiler/AST/Dumper.cryo:841:39
     |
 839 |         // Generic params
 840 |         for (mut i: int = 0; i < node.generic_params.length; i++) {
 841 |             const is_last: boolean = (i == node.generic_params.length - 1)
     |                                       ^~~~~~~~~~~~~~~~~~~~~~~~~~~~~~~~~~~ implicit conversion between `i32` and `i64`; the narrower operand widens to the wider one. Write it with `as` - this is accepted for now and will become an error before v1.0.0
 842 |                 && (node.parameters.length == 0) && !node.has_body();
 843 |             this.dump_child(node.generic_params[i] as ASTNode*, is_last);
     |

================================================================================
warning[W0005]: implicit conversion between `i32` and `i64`; the narrower operand widens to the wider one. Write it with `as` - this is accepted for now and will become an error before v1.0.0
 --> src/compiler/AST/Dumper.cryo:847:30
     |
 845 | 
 846 |         // Parameters
 847 |         for (mut i: int = 0; i < node.parameters.length; i++) {
     |                              ^~~~~~~~~~~~~~~~~~~~~~~~~~ implicit conversion between `i32` and `i64`; the narrower operand widens to the wider one. Write it with `as` - this is accepted for now and will become an error before v1.0.0
 848 |             const is_last: boolean = (i == node.parameters.length - 1) && !node.has_body();
 849 |             this.dump_child(node.parameters[i] as ASTNode*, is_last);
     |

================================================================================
warning[W0005]: implicit conversion between `i32` and `i64`; the narrower operand widens to the wider one. Write it with `as` - this is accepted for now and will become an error before v1.0.0
 --> src/compiler/AST/Dumper.cryo:848:39
     |
 846 |         // Parameters
 847 |         for (mut i: int = 0; i < node.parameters.length; i++) {
 848 |             const is_last: boolean = (i == node.parameters.length - 1) && !node.has_body();
     |                                       ^~~~~~~~~~~~~~~~~~~~~~~~~~~~~~~ implicit conversion between `i32` and `i64`; the narrower operand widens to the wider one. Write it with `as` - this is accepted for now and will become an error before v1.0.0
 849 |             this.dump_child(node.parameters[i] as ASTNode*, is_last);
 850 |         }
     |

================================================================================
warning[W0005]: implicit conversion between `i32` and `i64`; the narrower operand widens to the wider one. Write it with `as` - this is accepted for now and will become an error before v1.0.0
 --> src/compiler/AST/Dumper.cryo:878:34
     |
 876 |             const fn: FunctionDeclNode* = node.func;
 877 |             fmt::printf(" \x1b[1;31m'(");
 878 |             for (mut i: int = 0; i < fn.parameters.length; i++) {
     |                                  ^~~~~~~~~~~~~~~~~~~~~~~~ implicit conversion between `i32` and `i64`; the narrower operand widens to the wider one. Write it with `as` - this is accepted for now and will become an error before v1.0.0
 879 |                 if (i > 0) { fmt::printf(", "); }
 880 |                 const p: VarDeclNode* = fn.parameters[i];
     |

================================================================================
warning[W0005]: implicit conversion between `i32` and `i64`; the narrower operand widens to the wider one. Write it with `as` - this is accepted for now and will become an error before v1.0.0
 --> src/compiler/AST/Dumper.cryo:909:34
     |
 907 |         // Dump base constructor arguments
 908 |         if (node.has_base_ctor() && node.base_ctor_args.length > 0) {
 909 |             for (mut i: int = 0; i < node.base_ctor_args.length; i++) {
     |                                  ^~~~~~~~~~~~~~~~~~~~~~~~~~~~~~ implicit conversion between `i32` and `i64`; the narrower operand widens to the wider one. Write it with `as` - this is accepted for now and will become an error before v1.0.0
 910 |                 const is_last: boolean = (i == node.base_ctor_args.length - 1)
 911 |                     && (node.func == null || (!node.func.has_body() && node.func.parameters.length == 0));
     |

================================================================================
warning[W0005]: implicit conversion between `i32` and `i64`; the narrower operand widens to the wider one. Write it with `as` - this is accepted for now and will become an error before v1.0.0
 --> src/compiler/AST/Dumper.cryo:910:43
     |
 908 |         if (node.has_base_ctor() && node.base_ctor_args.length > 0) {
 909 |             for (mut i: int = 0; i < node.base_ctor_args.length; i++) {
 910 |                 const is_last: boolean = (i == node.base_ctor_args.length - 1)
     |                                           ^~~~~~~~~~~~~~~~~~~~~~~~~~~~~~~~~~~ implicit conversion between `i32` and `i64`; the narrower operand widens to the wider one. Write it with `as` - this is accepted for now and will become an error before v1.0.0
 911 |                     && (node.func == null || (!node.func.has_body() && node.func.parameters.length == 0));
 912 |                 this.dump_child(node.base_ctor_args[i] as ASTNode*, is_last);
     |

================================================================================
warning[W0005]: implicit conversion between `i32` and `i64`; the narrower operand widens to the wider one. Write it with `as` - this is accepted for now and will become an error before v1.0.0
 --> src/compiler/AST/Dumper.cryo:918:34
     |
 916 |         // Dump the inner function's parameters + body
 917 |         if (node.func != null) {
 918 |             for (mut i: int = 0; i < node.func.parameters.length; i++) {
     |                                  ^~~~~~~~~~~~~~~~~~~~~~~~~~~~~~~ implicit conversion between `i32` and `i64`; the narrower operand widens to the wider one. Write it with `as` - this is accepted for now and will become an error before v1.0.0
 919 |                 const is_last: boolean = (i == node.func.parameters.length - 1)
 920 |                     && !node.func.has_body();
     |

================================================================================
warning[W0005]: implicit conversion between `i32` and `i64`; the narrower operand widens to the wider one. Write it with `as` - this is accepted for now and will become an error before v1.0.0
 --> src/compiler/AST/Dumper.cryo:919:43
     |
 917 |         if (node.func != null) {
 918 |             for (mut i: int = 0; i < node.func.parameters.length; i++) {
 919 |                 const is_last: boolean = (i == node.func.parameters.length - 1)
     |                                           ^~~~~~~~~~~~~~~~~~~~~~~~~~~~~~~~~~~~ implicit conversion between `i32` and `i64`; the narrower operand widens to the wider one. Write it with `as` - this is accepted for now and will become an error before v1.0.0
 920 |                     && !node.func.has_body();
 921 |                 this.dump_child(node.func.parameters[i] as ASTNode*, is_last);
     |

================================================================================
warning[W0005]: implicit conversion between `i32` and `i64`; the narrower operand widens to the wider one. Write it with `as` - this is accepted for now and will become an error before v1.0.0
 --> src/compiler/AST/Dumper.cryo:936:30
     |
 934 |         fmt::printf("\n");
 935 | 
 936 |         for (mut i: int = 0; i < node.parameters.length; i++) {
     |                              ^~~~~~~~~~~~~~~~~~~~~~~~~~ implicit conversion between `i32` and `i64`; the narrower operand widens to the wider one. Write it with `as` - this is accepted for now and will become an error before v1.0.0
 937 |             const is_last: boolean = (i == node.parameters.length - 1) && !node.has_body();
 938 |             this.dump_child(node.parameters[i] as ASTNode*, is_last);
     |

================================================================================
warning[W0005]: implicit conversion between `i32` and `i64`; the narrower operand widens to the wider one. Write it with `as` - this is accepted for now and will become an error before v1.0.0
 --> src/compiler/AST/Dumper.cryo:937:39
     |
 935 | 
 936 |         for (mut i: int = 0; i < node.parameters.length; i++) {
 937 |             const is_last: boolean = (i == node.parameters.length - 1) && !node.has_body();
     |                                       ^~~~~~~~~~~~~~~~~~~~~~~~~~~~~~~ implicit conversion between `i32` and `i64`; the narrower operand widens to the wider one. Write it with `as` - this is accepted for now and will become an error before v1.0.0
 938 |             this.dump_child(node.parameters[i] as ASTNode*, is_last);
 939 |         }
     |

================================================================================
warning[W0005]: implicit conversion between `i32` and `i64`; the narrower operand widens to the wider one. Write it with `as` - this is accepted for now and will become an error before v1.0.0
 --> src/compiler/AST/Dumper.cryo:989:30
     |
 987 | 
 988 |         // Generic params
 989 |         for (mut i: int = 0; i < node.generic_params.length; i++) {
     |                              ^~~~~~~~~~~~~~~~~~~~~~~~~~~~~~ implicit conversion between `i32` and `i64`; the narrower operand widens to the wider one. Write it with `as` - this is accepted for now and will become an error before v1.0.0
 990 |             const is_last: boolean = (i == node.generic_params.length - 1)
 991 |                 && (node.fields.length == 0) && (node.methods.length == 0);
     |

================================================================================
warning[W0005]: implicit conversion between `i32` and `i64`; the narrower operand widens to the wider one. Write it with `as` - this is accepted for now and will become an error before v1.0.0
 --> src/compiler/AST/Dumper.cryo:990:39
     |
 988 |         // Generic params
 989 |         for (mut i: int = 0; i < node.generic_params.length; i++) {
 990 |             const is_last: boolean = (i == node.generic_params.length - 1)
     |                                       ^~~~~~~~~~~~~~~~~~~~~~~~~~~~~~~~~~~ implicit conversion between `i32` and `i64`; the narrower operand widens to the wider one. Write it with `as` - this is accepted for now and will become an error before v1.0.0
 991 |                 && (node.fields.length == 0) && (node.methods.length == 0);
 992 |             this.dump_child(node.generic_params[i] as ASTNode*, is_last);
     |

================================================================================
warning[W0005]: implicit conversion between `i32` and `i64`; the narrower operand widens to the wider one. Write it with `as` - this is accepted for now and will become an error before v1.0.0
 --> src/compiler/AST/Dumper.cryo:996:30
     |
 994 | 
 995 |         // Fields: dispatched through visitor (FieldDeclNode has its own visit)
 996 |         for (mut i: int = 0; i < node.fields.length; i++) {
     |                              ^~~~~~~~~~~~~~~~~~~~~~ implicit conversion between `i32` and `i64`; the narrower operand widens to the wider one. Write it with `as` - this is accepted for now and will become an error before v1.0.0
 997 |             const is_last: boolean = (i == node.fields.length - 1) && (node.methods.length == 0);
 998 |             this.dump_child(node.fields[i] as ASTNode*, is_last);
     |

================================================================================
warning[W0005]: implicit conversion between `i32` and `i64`; the narrower operand widens to the wider one. Write it with `as` - this is accepted for now and will become an error before v1.0.0
 --> src/compiler/AST/Dumper.cryo:997:39
     |
 995 |         // Fields: dispatched through visitor (FieldDeclNode has its own visit)
 996 |         for (mut i: int = 0; i < node.fields.length; i++) {
 997 |             const is_last: boolean = (i == node.fields.length - 1) && (node.methods.length == 0);
     |                                       ^~~~~~~~~~~~~~~~~~~~~~~~~~~ implicit conversion between `i32` and `i64`; the narrower operand widens to the wider one. Write it with `as` - this is accepted for now and will become an error before v1.0.0
 998 |             this.dump_child(node.fields[i] as ASTNode*, is_last);
 999 |         }
     |

================================================================================
warning[W0005]: implicit conversion between `i32` and `i64`; the narrower operand widens to the wider one. Write it with `as` - this is accepted for now and will become an error before v1.0.0
 --> src/compiler/AST/Dumper.cryo:1002:30
      |
 1000 | 
 1001 |         // Methods: dispatched through visitor (MethodNode has its own visit)
 1002 |         for (mut i: int = 0; i < node.methods.length; i++) {
      |                              ^~~~~~~~~~~~~~~~~~~~~~~ implicit conversion between `i32` and `i64`; the narrower operand widens to the wider one. Write it with `as` - this is accepted for now and will become an error before v1.0.0
 1003 |             const is_last: boolean = (i == node.methods.length - 1);
 1004 |             this.dump_child(node.methods[i] as ASTNode*, is_last);
      |

================================================================================
warning[W0005]: implicit conversion between `i32` and `i64`; the narrower operand widens to the wider one. Write it with `as` - this is accepted for now and will become an error before v1.0.0
 --> src/compiler/AST/Dumper.cryo:1003:39
      |
 1001 |         // Methods: dispatched through visitor (MethodNode has its own visit)
 1002 |         for (mut i: int = 0; i < node.methods.length; i++) {
 1003 |             const is_last: boolean = (i == node.methods.length - 1);
      |                                       ^~~~~~~~~~~~~~~~~~~~~~~~~~~~ implicit conversion between `i32` and `i64`; the narrower operand widens to the wider one. Write it with `as` - this is accepted for now and will become an error before v1.0.0
 1004 |             this.dump_child(node.methods[i] as ASTNode*, is_last);
 1005 |         }
      |

================================================================================
warning[W0005]: implicit conversion between `i32` and `i64`; the narrower operand widens to the wider one. Write it with `as` - this is accepted for now and will become an error before v1.0.0
 --> src/compiler/AST/Dumper.cryo:1017:30
      |
 1015 | 
 1016 |         // Generic params
 1017 |         for (mut i: int = 0; i < node.generic_params.length; i++) {
      |                              ^~~~~~~~~~~~~~~~~~~~~~~~~~~~~~ implicit conversion between `i32` and `i64`; the narrower operand widens to the wider one. Write it with `as` - this is accepted for now and will become an error before v1.0.0
 1018 |             const is_last: boolean = (i == node.generic_params.length - 1)
 1019 |                 && (node.fields.length == 0) && (node.methods.length == 0);
      |

================================================================================
warning[W0005]: implicit conversion between `i32` and `i64`; the narrower operand widens to the wider one. Write it with `as` - this is accepted for now and will become an error before v1.0.0
 --> src/compiler/AST/Dumper.cryo:1018:39
      |
 1016 |         // Generic params
 1017 |         for (mut i: int = 0; i < node.generic_params.length; i++) {
 1018 |             const is_last: boolean = (i == node.generic_params.length - 1)
      |                                       ^~~~~~~~~~~~~~~~~~~~~~~~~~~~~~~~~~~ implicit conversion between `i32` and `i64`; the narrower operand widens to the wider one. Write it with `as` - this is accepted for now and will become an error before v1.0.0
 1019 |                 && (node.fields.length == 0) && (node.methods.length == 0);
 1020 |             this.dump_child(node.generic_params[i] as ASTNode*, is_last);
      |

================================================================================
warning[W0005]: implicit conversion between `i32` and `i64`; the narrower operand widens to the wider one. Write it with `as` - this is accepted for now and will become an error before v1.0.0
 --> src/compiler/AST/Dumper.cryo:1024:30
      |
 1022 | 
 1023 |         // Fields: dispatched through visitor (FieldDeclNode has its own visit)
 1024 |         for (mut i: int = 0; i < node.fields.length; i++) {
      |                              ^~~~~~~~~~~~~~~~~~~~~~ implicit conversion between `i32` and `i64`; the narrower operand widens to the wider one. Write it with `as` - this is accepted for now and will become an error before v1.0.0
 1025 |             const is_last: boolean = (i == node.fields.length - 1) && (node.methods.length == 0);
 1026 |             this.dump_child(node.fields[i] as ASTNode*, is_last);
      |

================================================================================
warning[W0005]: implicit conversion between `i32` and `i64`; the narrower operand widens to the wider one. Write it with `as` - this is accepted for now and will become an error before v1.0.0
 --> src/compiler/AST/Dumper.cryo:1025:39
      |
 1023 |         // Fields: dispatched through visitor (FieldDeclNode has its own visit)
 1024 |         for (mut i: int = 0; i < node.fields.length; i++) {
 1025 |             const is_last: boolean = (i == node.fields.length - 1) && (node.methods.length == 0);
      |                                       ^~~~~~~~~~~~~~~~~~~~~~~~~~~ implicit conversion between `i32` and `i64`; the narrower operand widens to the wider one. Write it with `as` - this is accepted for now and will become an error before v1.0.0
 1026 |             this.dump_child(node.fields[i] as ASTNode*, is_last);
 1027 |         }
      |

================================================================================
warning[W0005]: implicit conversion between `i32` and `i64`; the narrower operand widens to the wider one. Write it with `as` - this is accepted for now and will become an error before v1.0.0
 --> src/compiler/AST/Dumper.cryo:1030:30
      |
 1028 | 
 1029 |         // Methods: dispatched through visitor (MethodNode has its own visit)
 1030 |         for (mut i: int = 0; i < node.methods.length; i++) {
      |                              ^~~~~~~~~~~~~~~~~~~~~~~ implicit conversion between `i32` and `i64`; the narrower operand widens to the wider one. Write it with `as` - this is accepted for now and will become an error before v1.0.0
 1031 |             const is_last: boolean = (i == node.methods.length - 1);
 1032 |             this.dump_child(node.methods[i] as ASTNode*, is_last);
      |

================================================================================
warning[W0005]: implicit conversion between `i32` and `i64`; the narrower operand widens to the wider one. Write it with `as` - this is accepted for now and will become an error before v1.0.0
 --> src/compiler/AST/Dumper.cryo:1031:39
      |
 1029 |         // Methods: dispatched through visitor (MethodNode has its own visit)
 1030 |         for (mut i: int = 0; i < node.methods.length; i++) {
 1031 |             const is_last: boolean = (i == node.methods.length - 1);
      |                                       ^~~~~~~~~~~~~~~~~~~~~~~~~~~~ implicit conversion between `i32` and `i64`; the narrower operand widens to the wider one. Write it with `as` - this is accepted for now and will become an error before v1.0.0
 1032 |             this.dump_child(node.methods[i] as ASTNode*, is_last);
 1033 |         }
      |

================================================================================
warning[W0005]: implicit conversion between `i32` and `i64`; the narrower operand widens to the wider one. Write it with `as` - this is accepted for now and will become an error before v1.0.0
 --> src/compiler/AST/Dumper.cryo:1047:30
      |
 1045 |         fmt::printf("\n");
 1046 | 
 1047 |         for (mut i: int = 0; i < node.generic_params.length; i++) {
      |                              ^~~~~~~~~~~~~~~~~~~~~~~~~~~~~~ implicit conversion between `i32` and `i64`; the narrower operand widens to the wider one. Write it with `as` - this is accepted for now and will become an error before v1.0.0
 1048 |             const is_last: boolean = (i == node.generic_params.length - 1)
 1049 |                 && (node.fields.length == 0) && (node.methods.length == 0);
      |

================================================================================
warning[W0005]: implicit conversion between `i32` and `i64`; the narrower operand widens to the wider one. Write it with `as` - this is accepted for now and will become an error before v1.0.0
 --> src/compiler/AST/Dumper.cryo:1048:39
      |
 1046 | 
 1047 |         for (mut i: int = 0; i < node.generic_params.length; i++) {
 1048 |             const is_last: boolean = (i == node.generic_params.length - 1)
      |                                       ^~~~~~~~~~~~~~~~~~~~~~~~~~~~~~~~~~~ implicit conversion between `i32` and `i64`; the narrower operand widens to the wider one. Write it with `as` - this is accepted for now and will become an error before v1.0.0
 1049 |                 && (node.fields.length == 0) && (node.methods.length == 0);
 1050 |             this.dump_child(node.generic_params[i] as ASTNode*, is_last);
      |

================================================================================
warning[W0005]: implicit conversion between `i32` and `i64`; the narrower operand widens to the wider one. Write it with `as` - this is accepted for now and will become an error before v1.0.0
 --> src/compiler/AST/Dumper.cryo:1053:30
      |
 1051 |         }
 1052 | 
 1053 |         for (mut i: int = 0; i < node.fields.length; i++) {
      |                              ^~~~~~~~~~~~~~~~~~~~~~ implicit conversion between `i32` and `i64`; the narrower operand widens to the wider one. Write it with `as` - this is accepted for now and will become an error before v1.0.0
 1054 |             const is_last: boolean = (i == node.fields.length - 1) && (node.methods.length == 0);
 1055 |             this.dump_child(node.fields[i] as ASTNode*, is_last);
      |

================================================================================
warning[W0005]: implicit conversion between `i32` and `i64`; the narrower operand widens to the wider one. Write it with `as` - this is accepted for now and will become an error before v1.0.0
 --> src/compiler/AST/Dumper.cryo:1054:39
      |
 1052 | 
 1053 |         for (mut i: int = 0; i < node.fields.length; i++) {
 1054 |             const is_last: boolean = (i == node.fields.length - 1) && (node.methods.length == 0);
      |                                       ^~~~~~~~~~~~~~~~~~~~~~~~~~~ implicit conversion between `i32` and `i64`; the narrower operand widens to the wider one. Write it with `as` - this is accepted for now and will become an error before v1.0.0
 1055 |             this.dump_child(node.fields[i] as ASTNode*, is_last);
 1056 |         }
      |

================================================================================
warning[W0005]: implicit conversion between `i32` and `i64`; the narrower operand widens to the wider one. Write it with `as` - this is accepted for now and will become an error before v1.0.0
 --> src/compiler/AST/Dumper.cryo:1058:30
      |
 1056 |         }
 1057 | 
 1058 |         for (mut i: int = 0; i < node.methods.length; i++) {
      |                              ^~~~~~~~~~~~~~~~~~~~~~~ implicit conversion between `i32` and `i64`; the narrower operand widens to the wider one. Write it with `as` - this is accepted for now and will become an error before v1.0.0
 1059 |             const is_last: boolean = (i == node.methods.length - 1);
 1060 |             this.dump_child(node.methods[i] as ASTNode*, is_last);
      |

================================================================================
warning[W0005]: implicit conversion between `i32` and `i64`; the narrower operand widens to the wider one. Write it with `as` - this is accepted for now and will become an error before v1.0.0
 --> src/compiler/AST/Dumper.cryo:1059:39
      |
 1057 | 
 1058 |         for (mut i: int = 0; i < node.methods.length; i++) {
 1059 |             const is_last: boolean = (i == node.methods.length - 1);
      |                                       ^~~~~~~~~~~~~~~~~~~~~~~~~~~~ implicit conversion between `i32` and `i64`; the narrower operand widens to the wider one. Write it with `as` - this is accepted for now and will become an error before v1.0.0
 1060 |             this.dump_child(node.methods[i] as ASTNode*, is_last);
 1061 |         }
      |

================================================================================
warning[W0005]: implicit conversion between `i32` and `i64`; the narrower operand widens to the wider one. Write it with `as` - this is accepted for now and will become an error before v1.0.0
 --> src/compiler/AST/Dumper.cryo:1072:30
      |
 1070 |         fmt::printf("\n");
 1071 | 
 1072 |         for (mut i: int = 0; i < node.generic_params.length; i++) {
      |                              ^~~~~~~~~~~~~~~~~~~~~~~~~~~~~~ implicit conversion between `i32` and `i64`; the narrower operand widens to the wider one. Write it with `as` - this is accepted for now and will become an error before v1.0.0
 1073 |             const is_last: boolean = (i == node.generic_params.length - 1)
 1074 |                 && (node.variants.length == 0);
      |

================================================================================
warning[W0005]: implicit conversion between `i32` and `i64`; the narrower operand widens to the wider one. Write it with `as` - this is accepted for now and will become an error before v1.0.0
 --> src/compiler/AST/Dumper.cryo:1073:39
      |
 1071 | 
 1072 |         for (mut i: int = 0; i < node.generic_params.length; i++) {
 1073 |             const is_last: boolean = (i == node.generic_params.length - 1)
      |                                       ^~~~~~~~~~~~~~~~~~~~~~~~~~~~~~~~~~~ implicit conversion between `i32` and `i64`; the narrower operand widens to the wider one. Write it with `as` - this is accepted for now and will become an error before v1.0.0
 1074 |                 && (node.variants.length == 0);
 1075 |             this.dump_child(node.generic_params[i] as ASTNode*, is_last);
      |

================================================================================
warning[W0005]: implicit conversion between `i32` and `i64`; the narrower operand widens to the wider one. Write it with `as` - this is accepted for now and will become an error before v1.0.0
 --> src/compiler/AST/Dumper.cryo:1079:30
      |
 1077 | 
 1078 |         // Variants: dispatched through visitor (EnumVariantNode has its own visit)
 1079 |         for (mut i: int = 0; i < node.variants.length; i++) {
      |                              ^~~~~~~~~~~~~~~~~~~~~~~~ implicit conversion between `i32` and `i64`; the narrower operand widens to the wider one. Write it with `as` - this is accepted for now and will become an error before v1.0.0
 1080 |             const is_last: boolean = (i == node.variants.length - 1);
 1081 |             this.dump_child(node.variants[i] as ASTNode*, is_last);
      |

================================================================================
warning[W0005]: implicit conversion between `i32` and `i64`; the narrower operand widens to the wider one. Write it with `as` - this is accepted for now and will become an error before v1.0.0
 --> src/compiler/AST/Dumper.cryo:1080:39
      |
 1078 |         // Variants: dispatched through visitor (EnumVariantNode has its own visit)
 1079 |         for (mut i: int = 0; i < node.variants.length; i++) {
 1080 |             const is_last: boolean = (i == node.variants.length - 1);
      |                                       ^~~~~~~~~~~~~~~~~~~~~~~~~~~~~ implicit conversion between `i32` and `i64`; the narrower operand widens to the wider one. Write it with `as` - this is accepted for now and will become an error before v1.0.0
 1081 |             this.dump_child(node.variants[i] as ASTNode*, is_last);
 1082 |         }
      |

================================================================================
warning[W0005]: implicit conversion between `i32` and `i64`; the narrower operand widens to the wider one. Write it with `as` - this is accepted for now and will become an error before v1.0.0
 --> src/compiler/AST/Dumper.cryo:1095:34
      |
 1093 |         if (node.associated_types.length > 0) {
 1094 |             fmt::printf(" (");
 1095 |             for (mut i: int = 0; i < node.associated_types.length; i++) {
      |                                  ^~~~~~~~~~~~~~~~~~~~~~~~~~~~~~~~ implicit conversion between `i32` and `i64`; the narrower operand widens to the wider one. Write it with `as` - this is accepted for now and will become an error before v1.0.0
 1096 |                 if (i > 0) { fmt::printf(", "); }
 1097 |                 this.print_type_annotation(node.associated_types[i]);
      |

================================================================================
warning[W0005]: implicit conversion between `i32` and `i64`; the narrower operand widens to the wider one. Write it with `as` - this is accepted for now and will become an error before v1.0.0
 --> src/compiler/AST/Dumper.cryo:1112:30
      |
 1110 |         fmt::printf("\n");
 1111 | 
 1112 |         for (mut i: int = 0; i < node.generic_params.length; i++) {
      |                              ^~~~~~~~~~~~~~~~~~~~~~~~~~~~~~ implicit conversion between `i32` and `i64`; the narrower operand widens to the wider one. Write it with `as` - this is accepted for now and will become an error before v1.0.0
 1113 |             const is_last: boolean = (i == node.generic_params.length - 1)
 1114 |                 && (node.methods.length == 0);
      |

================================================================================
warning[W0005]: implicit conversion between `i32` and `i64`; the narrower operand widens to the wider one. Write it with `as` - this is accepted for now and will become an error before v1.0.0
 --> src/compiler/AST/Dumper.cryo:1113:39
      |
 1111 | 
 1112 |         for (mut i: int = 0; i < node.generic_params.length; i++) {
 1113 |             const is_last: boolean = (i == node.generic_params.length - 1)
      |                                       ^~~~~~~~~~~~~~~~~~~~~~~~~~~~~~~~~~~ implicit conversion between `i32` and `i64`; the narrower operand widens to the wider one. Write it with `as` - this is accepted for now and will become an error before v1.0.0
 1114 |                 && (node.methods.length == 0);
 1115 |             this.dump_child(node.generic_params[i] as ASTNode*, is_last);
      |

================================================================================
warning[W0005]: implicit conversion between `i32` and `i64`; the narrower operand widens to the wider one. Write it with `as` - this is accepted for now and will become an error before v1.0.0
 --> src/compiler/AST/Dumper.cryo:1118:30
      |
 1116 |         }
 1117 | 
 1118 |         for (mut i: int = 0; i < node.methods.length; i++) {
      |                              ^~~~~~~~~~~~~~~~~~~~~~~ implicit conversion between `i32` and `i64`; the narrower operand widens to the wider one. Write it with `as` - this is accepted for now and will become an error before v1.0.0
 1119 |             const is_last: boolean = (i == node.methods.length - 1);
 1120 |             this.dump_child(node.methods[i] as ASTNode*, is_last);
      |

================================================================================
warning[W0005]: implicit conversion between `i32` and `i64`; the narrower operand widens to the wider one. Write it with `as` - this is accepted for now and will become an error before v1.0.0
 --> src/compiler/AST/Dumper.cryo:1119:39
      |
 1117 | 
 1118 |         for (mut i: int = 0; i < node.methods.length; i++) {
 1119 |             const is_last: boolean = (i == node.methods.length - 1);
      |                                       ^~~~~~~~~~~~~~~~~~~~~~~~~~~~ implicit conversion between `i32` and `i64`; the narrower operand widens to the wider one. Write it with `as` - this is accepted for now and will become an error before v1.0.0
 1120 |             this.dump_child(node.methods[i] as ASTNode*, is_last);
 1121 |         }
      |

================================================================================
warning[W0005]: implicit conversion between `i32` and `i64`; the narrower operand widens to the wider one. Write it with `as` - this is accepted for now and will become an error before v1.0.0
 --> src/compiler/AST/Dumper.cryo:1139:30
      |
 1137 |         fmt::printf("\n");
 1138 | 
 1139 |         for (mut i: int = 0; i < node.generic_params.length; i++) {
      |                              ^~~~~~~~~~~~~~~~~~~~~~~~~~~~~~ implicit conversion between `i32` and `i64`; the narrower operand widens to the wider one. Write it with `as` - this is accepted for now and will become an error before v1.0.0
 1140 |             const is_last: boolean = (i == node.generic_params.length - 1)
 1141 |                 && (node.target_annotation == null);
      |

================================================================================
warning[W0005]: implicit conversion between `i32` and `i64`; the narrower operand widens to the wider one. Write it with `as` - this is accepted for now and will become an error before v1.0.0
 --> src/compiler/AST/Dumper.cryo:1140:39
      |
 1138 | 
 1139 |         for (mut i: int = 0; i < node.generic_params.length; i++) {
 1140 |             const is_last: boolean = (i == node.generic_params.length - 1)
      |                                       ^~~~~~~~~~~~~~~~~~~~~~~~~~~~~~~~~~~ implicit conversion between `i32` and `i64`; the narrower operand widens to the wider one. Write it with `as` - this is accepted for now and will become an error before v1.0.0
 1141 |                 && (node.target_annotation == null);
 1142 |             this.dump_child(node.generic_params[i] as ASTNode*, is_last);
      |

================================================================================
warning[W0005]: implicit conversion between `i32` and `i64`; the narrower operand widens to the wider one. Write it with `as` - this is accepted for now and will become an error before v1.0.0
 --> src/compiler/AST/Dumper.cryo:1161:30
      |
 1159 |         fmt::printf("\n");
 1160 | 
 1161 |         for (mut i: int = 0; i < node.generic_params.length; i++) {
      |                              ^~~~~~~~~~~~~~~~~~~~~~~~~~~~~~ implicit conversion between `i32` and `i64`; the narrower operand widens to the wider one. Write it with `as` - this is accepted for now and will become an error before v1.0.0
 1162 |             const is_last: boolean = (i == node.generic_params.length - 1)
 1163 |                 && (node.methods.length == 0);
      |

================================================================================
warning[W0005]: implicit conversion between `i32` and `i64`; the narrower operand widens to the wider one. Write it with `as` - this is accepted for now and will become an error before v1.0.0
 --> src/compiler/AST/Dumper.cryo:1162:39
      |
 1160 | 
 1161 |         for (mut i: int = 0; i < node.generic_params.length; i++) {
 1162 |             const is_last: boolean = (i == node.generic_params.length - 1)
      |                                       ^~~~~~~~~~~~~~~~~~~~~~~~~~~~~~~~~~~ implicit conversion between `i32` and `i64`; the narrower operand widens to the wider one. Write it with `as` - this is accepted for now and will become an error before v1.0.0
 1163 |                 && (node.methods.length == 0);
 1164 |             this.dump_child(node.generic_params[i] as ASTNode*, is_last);
      |

================================================================================
warning[W0005]: implicit conversion between `i32` and `i64`; the narrower operand widens to the wider one. Write it with `as` - this is accepted for now and will become an error before v1.0.0
 --> src/compiler/AST/Dumper.cryo:1167:30
      |
 1165 |         }
 1166 | 
 1167 |         for (mut i: int = 0; i < node.methods.length; i++) {
      |                              ^~~~~~~~~~~~~~~~~~~~~~~ implicit conversion between `i32` and `i64`; the narrower operand widens to the wider one. Write it with `as` - this is accepted for now and will become an error before v1.0.0
 1168 |             const is_last: boolean = (i == node.methods.length - 1);
 1169 |             this.dump_child(node.methods[i] as ASTNode*, is_last);
      |

================================================================================
warning[W0005]: implicit conversion between `i32` and `i64`; the narrower operand widens to the wider one. Write it with `as` - this is accepted for now and will become an error before v1.0.0
 --> src/compiler/AST/Dumper.cryo:1168:39
      |
 1166 | 
 1167 |         for (mut i: int = 0; i < node.methods.length; i++) {
 1168 |             const is_last: boolean = (i == node.methods.length - 1);
      |                                       ^~~~~~~~~~~~~~~~~~~~~~~~~~~~ implicit conversion between `i32` and `i64`; the narrower operand widens to the wider one. Write it with `as` - this is accepted for now and will become an error before v1.0.0
 1169 |             this.dump_child(node.methods[i] as ASTNode*, is_last);
 1170 |         }
      |

================================================================================
warning[W0005]: implicit conversion between `i32` and `i64`; the narrower operand widens to the wider one. Write it with `as` - this is accepted for now and will become an error before v1.0.0
 --> src/compiler/AST/Dumper.cryo:1189:30
      |
 1187 |         fmt::printf("\n");
 1188 | 
 1189 |         for (mut i: int = 0; i < node.functions.length; i++) {
      |                              ^~~~~~~~~~~~~~~~~~~~~~~~~ implicit conversion between `i32` and `i64`; the narrower operand widens to the wider one. Write it with `as` - this is accepted for now and will become an error before v1.0.0
 1190 |             const is_last: boolean = (i == node.functions.length - 1);
 1191 |             this.dump_child(node.functions[i] as ASTNode*, is_last);
      |

================================================================================
warning[W0005]: implicit conversion between `i32` and `i64`; the narrower operand widens to the wider one. Write it with `as` - this is accepted for now and will become an error before v1.0.0
 --> src/compiler/AST/Dumper.cryo:1190:39
      |
 1188 | 
 1189 |         for (mut i: int = 0; i < node.functions.length; i++) {
 1190 |             const is_last: boolean = (i == node.functions.length - 1);
      |                                       ^~~~~~~~~~~~~~~~~~~~~~~~~~~~~~ implicit conversion between `i32` and `i64`; the narrower operand widens to the wider one. Write it with `as` - this is accepted for now and will become an error before v1.0.0
 1191 |             this.dump_child(node.functions[i] as ASTNode*, is_last);
 1192 |         }
      |

================================================================================
warning[W0005]: implicit conversion between `i32` and `i64`; the narrower operand widens to the wider one. Write it with `as` - this is accepted for now and will become an error before v1.0.0
 --> src/compiler/AST/Dumper.cryo:1236:30
      |
 1234 |         fmt::printf("\n");
 1235 | 
 1236 |         for (mut i: int = 0; i < node.patterns.length; i++) {
      |                              ^~~~~~~~~~~~~~~~~~~~~~~~ implicit conversion between `i32` and `i64`; the narrower operand widens to the wider one. Write it with `as` - this is accepted for now and will become an error before v1.0.0
 1237 |             const is_last: boolean = (i == node.patterns.length - 1) && (node.body == null);
 1238 |             this.dump_child(node.patterns[i] as ASTNode*, is_last);
      |

================================================================================
warning[W0005]: implicit conversion between `i32` and `i64`; the narrower operand widens to the wider one. Write it with `as` - this is accepted for now and will become an error before v1.0.0
 --> src/compiler/AST/Dumper.cryo:1237:39
      |
 1235 | 
 1236 |         for (mut i: int = 0; i < node.patterns.length; i++) {
 1237 |             const is_last: boolean = (i == node.patterns.length - 1) && (node.body == null);
      |                                       ^~~~~~~~~~~~~~~~~~~~~~~~~~~~~ implicit conversion between `i32` and `i64`; the narrower operand widens to the wider one. Write it with `as` - this is accepted for now and will become an error before v1.0.0
 1238 |             this.dump_child(node.patterns[i] as ASTNode*, is_last);
 1239 |         }
      |

================================================================================
warning[W0015]: explicit destructor call; the value is released at scope exit, and an aggregate's fields are released after its own `drop` runs. To release EARLY, write `mem::drop(x)`, which also stops the value being used afterwards. This is a warning while the tree is being cleaned up and will become an error
 --> src/compiler/bindgen/clang.cryo:167:13
     |
 165 |             mut argname: String = fmt::format("arg%d", index);
 166 |             const sym: SymbolStr = ctx.intern_table.intern(argname.as_cstr() as string);
 167 |             argname.drop();
     |             ^~~~~~~~~~~~~~ explicit destructor call; the value is released at scope exit, and an aggregate's fields are released after its own `drop` runs. To release EARLY, write `mem::drop(x)`, which also stops the value being used afterwards. This is a warning while the tree is being cleaned up and will become an error
 168 |             return sym;
 169 |         }
     |

================================================================================
warning[W0014]: redundant type suffix `u32` on numeric literal `0x01u32`; the surrounding context already types it
 --> src/compiler/bindgen/clang.cryo:291:47
     |
 289 | /// macro-expansion cursors appear in the TU walk (needed to import
 290 | /// object-like macro constants).
 291 | const TU_DETAILED_PREPROCESSING_RECORD: u32 = 0x01u32;
     |                                               ^~~~~~~ redundant type suffix `u32` on numeric literal `0x01u32`; the surrounding context already types it
 292 | 
 293 | // ---- CXTypeKind constants (stable libclang ABI) ----
     |

================================================================================
warning[W0014]: redundant type suffix `i64` on numeric literal `0i64`; the surrounding context already types it
 --> src/compiler/bindgen/importer.cryo:1489:38
      |
 1487 |             const sval: i64 = 0 - (mag as i64);
 1488 |             value_u64 = sval as u64;
 1489 |             type_name = if (sval >= (0i64 - 2147483648)) { "i32" } else { "i64" };
      |                                      ^~~~ redundant type suffix `i64` on numeric literal `0i64`; the surrounding context already types it
 1490 |         } else if (has_u) {
 1491 |             type_name = if (mag <= 4294967295) { "u32" } else { "u64" };
      |

================================================================================
warning[W0014]: redundant type suffix `i64` on numeric literal `0i64`; the surrounding context already types it
 --> src/compiler/bindgen/importer.cryo:2056:25
      |
 2054 |         }
 2055 |         const type_name: string =
 2056 |             if (acc >= (0i64 - 2147483648) && acc <= 2147483647) { "i32" } else { "i64" };
      |                         ^~~~ redundant type suffix `i64` on numeric literal `0i64`; the surrounding context already types it
 2057 |         const text: string = fmt::format("%llu", acc as u64);
 2058 |         mut ilit: LiteralNode* = new LiteralNode(text, LiteralKind::Integer, SourceSpan::none());
      |

================================================================================
warning[W0005]: implicit conversion between `i32` and `i64`; the narrower operand widens to the wider one. Write it with `as` - this is accepted for now and will become an error before v1.0.0
 --> src/compiler/bindgen/importer.cryo:2224:30
      |
 2222 | 
 2223 |         mut total_imported: i32 = 0;
 2224 |         for (mut i: int = 0; i < root.statements.length; i++) {
      |                              ^~~~~~~~~~~~~~~~~~~~~~~~~~ implicit conversion between `i32` and `i64`; the narrower operand widens to the wider one. Write it with `as` - this is accepted for now and will become an error before v1.0.0
 2225 |             const node: ASTNode* = root.statements[i];
 2226 |             if (node == null) { continue; }
      |

================================================================================
warning[W0005]: implicit conversion between `i32` and `i64`; the narrower operand widens to the wider one. Write it with `as` - this is accepted for now and will become an error before v1.0.0
 --> src/compiler/bindgen/importer.cryo:2244:34
      |
 2242 |             const source_dir: string = Importer::get_directory(Text::new(ctx.source_file));
 2243 | 
 2244 |             for (mut j: int = 0; j < extern_node.include_paths.length; j++) {
      |                                  ^~~~~~~~~~~~~~~~~~~~~~~~~~~~~~~~~~~~ implicit conversion between `i32` and `i64`; the narrower operand widens to the wider one. Write it with `as` - this is accepted for now and will become an error before v1.0.0
 2245 |                 const include_path: string = extern_node.include_paths[j];
 2246 |                 const is_system: boolean =
      |

================================================================================
warning[W0005]: implicit conversion between `i32` and `i64`; the narrower operand widens to the wider one. Write it with `as` - this is accepted for now and will become an error before v1.0.0
 --> src/compiler/bindgen/importer.cryo:2247:22
      |
 2245 |                 const include_path: string = extern_node.include_paths[j];
 2246 |                 const is_system: boolean =
 2247 |                     (j < extern_node.include_is_system.length)
      |                      ^~~~~~~~~~~~~~~~~~~~~~~~~~~~~~~~~~~~~~~~ implicit conversion between `i32` and `i64`; the narrower operand widens to the wider one. Write it with `as` - this is accepted for now and will become an error before v1.0.0
 2248 |                     && extern_node.include_is_system[j];
      |

================================================================================
warning[W0015]: explicit destructor call; the value is released at scope exit, and an aggregate's fields are released after its own `drop` runs. To release EARLY, write `mem::drop(x)`, which also stops the value being used afterwards. This is a warning while the tree is being cleaned up and will become an error
 --> src/compiler/bindgen/importer.cryo:2511:9
      |
 2509 |         }
 2510 | 
 2511 |         s.drop();
      |         ^~~~~~~~ explicit destructor call; the value is released at scope exit, and an aggregate's fields are released after its own `drop` runs. To release EARLY, write `mem::drop(x)`, which also stops the value being used afterwards. This is a warning while the tree is being cleaned up and will become an error
 2512 |         return "";
 2513 |     }
      |

================================================================================
warning[W0005]: implicit conversion between `i32` and `i64`; the narrower operand widens to the wider one. Write it with `as` - this is accepted for now and will become an error before v1.0.0
 --> src/compiler/parser/parser_base.cryo:175:13
     |
 173 |     /// Peek at the current token without consuming it.
 174 |     current() -> Token {
 175 |         if (this.pos >= this.tokens.length) {
     |             ^~~~~~~~~~~~~~~~~~~~~~~~~~~~~~ implicit conversion between `i32` and `i64`; the narrower operand widens to the wider one. Write it with `as` - this is accepted for now and will become an error before v1.0.0
 176 |             return Token::eof(0, 0);
 177 |         }
     |

================================================================================
warning[W0005]: implicit conversion between `i32` and `i64`; the narrower operand widens to the wider one. Write it with `as` - this is accepted for now and will become an error before v1.0.0
 --> src/compiler/parser/parser_base.cryo:184:24
     |
 182 |     peek_at(offset: int) -> Token {
 183 |         const idx: int = this.pos + offset;
 184 |         if (idx < 0 || idx >= this.tokens.length) {
     |                        ^~~~~~~~~~~~~~~~~~~~~~~~~ implicit conversion between `i32` and `i64`; the narrower operand widens to the wider one. Write it with `as` - this is accepted for now and will become an error before v1.0.0
 185 |             return Token::eof(0, 0);
 186 |         }
     |

================================================================================
warning[W0005]: implicit conversion between `i32` and `i64`; the narrower operand widens to the wider one. Write it with `as` - this is accepted for now and will become an error before v1.0.0
 --> src/compiler/parser/parser_base.cryo:193:13
     |
 191 |     /// Skips over comments and doc comments, tracking bracket depth.
 192 |     advance() -> Token {
 193 |         if (this.pos >= this.tokens.length) {
     |             ^~~~~~~~~~~~~~~~~~~~~~~~~~~~~~ implicit conversion between `i32` and `i64`; the narrower operand widens to the wider one. Write it with `as` - this is accepted for now and will become an error before v1.0.0
 194 |             return Token::eof(0, 0);
 195 |         }
     |

================================================================================
warning[W0005]: implicit conversion between `i32` and `i64`; the narrower operand widens to the wider one. Write it with `as` - this is accepted for now and will become an error before v1.0.0
 --> src/compiler/parser/parser_base.cryo:212:16
     |
 210 | 
 211 |         // Skip over comments, collecting doc comments
 212 |         while (this.pos < this.tokens.length) {
     |                ^~~~~~~~~~~~~~~~~~~~~~~~~~~~~ implicit conversion between `i32` and `i64`; the narrower operand widens to the wider one. Write it with `as` - this is accepted for now and will become an error before v1.0.0
 213 |             const next: Token = this.tokens[this.pos];
 214 |             match (&next.kind) {
     |

================================================================================
warning[W0005]: implicit conversion between `i32` and `i64`; the narrower operand widens to the wider one. Write it with `as` - this is accepted for now and will become an error before v1.0.0
 --> src/compiler/parser/parser_base.cryo:323:28
     |
 321 |         mut found_prev:  boolean = false;
 322 |         mut idx: int = this.pos - 1;
 323 |         while (idx >= 0 && idx < this.tokens.length) {
     |                            ^~~~~~~~~~~~~~~~~~~~~~~~ implicit conversion between `i32` and `i64`; the narrower operand widens to the wider one. Write it with `as` - this is accepted for now and will become an error before v1.0.0
 324 |             const k: TokenType = this.tokens[idx].kind;
 325 |             if (k == TokenType::Comment
     |

================================================================================
warning[W0005]: implicit conversion between `i32` and `i64`; the narrower operand widens to the wider one. Write it with `as` - this is accepted for now and will become an error before v1.0.0
 --> src/compiler/parser/parser_base.cryo:359:16
     |
 357 |     /// Check if we've reached the end of the token stream.
 358 |     is_at_end() -> boolean {
 359 |         return this.pos >= this.tokens.length || this.check(TokenType::EOF);
     |                ^~~~~~~~~~~~~~~~~~~~~~~~~~~~~~ implicit conversion between `i32` and `i64`; the narrower operand widens to the wider one. Write it with `as` - this is accepted for now and will become an error before v1.0.0
 360 |     }
     |

================================================================================
warning[W0005]: implicit conversion between `i32` and `i64`; the narrower operand widens to the wider one. Write it with `as` - this is accepted for now and will become an error before v1.0.0
 --> src/compiler/parser/parser_base.cryo:389:28
     |
 387 |     span_from(start: Token) -> SourceSpan {
 388 |         mut idx: int = this.pos - 1;
 389 |         while (idx >= 0 && idx < this.tokens.length) {
     |                            ^~~~~~~~~~~~~~~~~~~~~~~~ implicit conversion between `i32` and `i64`; the narrower operand widens to the wider one. Write it with `as` - this is accepted for now and will become an error before v1.0.0
 390 |             const k: TokenType = this.tokens[idx].kind;
 391 |             if (k == TokenType::Comment
     |

================================================================================
warning[W0005]: implicit conversion between `i32` and `i64`; the narrower operand widens to the wider one. Write it with `as` - this is accepted for now and will become an error before v1.0.0
 --> src/compiler/parser/parser_base.cryo:399:25
     |
 397 |             break;
 398 |         }
 399 |         if (idx >= 0 && idx < this.tokens.length) {
     |                         ^~~~~~~~~~~~~~~~~~~~~~~~ implicit conversion between `i32` and `i64`; the narrower operand widens to the wider one. Write it with `as` - this is accepted for now and will become an error before v1.0.0
 400 |             const end_tok: Token = this.tokens[idx];
 401 |             const end_col: u32 = end_tok.column as u32 + end_tok.source_length as u32;
     |

================================================================================
warning[W0005]: implicit conversion between `i32` and `i64`; the narrower operand widens to the wider one. Write it with `as` - this is accepted for now and will become an error before v1.0.0
 --> src/compiler/parser/parser_base.cryo:733:16
     |
 731 |     /// Skip doc comment tokens and accumulate their text.
 732 |     collect_doc_comments() -> void {
 733 |         while (this.pos < this.tokens.length) {
     |                ^~~~~~~~~~~~~~~~~~~~~~~~~~~~~ implicit conversion between `i32` and `i64`; the narrower operand widens to the wider one. Write it with `as` - this is accepted for now and will become an error before v1.0.0
 734 |             const tok: Token = this.current();
 735 |             match (&tok.kind) {
     |

================================================================================
warning[W0005]: implicit conversion between `i32` and `i64`; the narrower operand widens to the wider one. Write it with `as` - this is accepted for now and will become an error before v1.0.0
 --> src/compiler/parser/parser_base.cryo:805:30
     |
 803 |         }
 804 |         mut result: string = "";
 805 |         for (mut i: int = 0; i < this.pending_doc_comments.length; i++) {
     |                              ^~~~~~~~~~~~~~~~~~~~~~~~~~~~~~~~~~~~ implicit conversion between `i32` and `i64`; the narrower operand widens to the wider one. Write it with `as` - this is accepted for now and will become an error before v1.0.0
 806 |             if (i > 0) {
 807 |                 result = result.append("\n");
     |

================================================================================
warning[W0005]: implicit conversion between `i32` and `u64`; the narrower operand widens to the wider one. Write it with `as` - this is accepted for now and will become an error before v1.0.0
 --> src/compiler/parser/expr_parser.cryo:869:34
     |
 867 |         }
 868 |         if (!is_special_base) {
 869 |             for (mut i: int = 0; i < tok.lexeme.length(); i++) {
     |                                  ^~~~~~~~~~~~~~~~~~~~~~~ implicit conversion between `i32` and `u64`; the narrower operand widens to the wider one. Write it with `as` - this is accepted for now and will become an error before v1.0.0
 870 |                 const c: char = tok.lexeme[i];
 871 |                 if (c == '.' || c == 'e' || c == 'E') {
     |

================================================================================
warning[W0005]: implicit conversion between `i32` and `i64`; the narrower operand widens to the wider one. Write it with `as` - this is accepted for now and will become an error before v1.0.0
 --> src/compiler/parser/expr_parser.cryo:1688:30
      |
 1686 | 
 1687 |         mut lambda: LambdaExprNode* = new LambdaExprNode(this.span_from_token(start));
 1688 |         for (mut i: int = 0; i < params.length; i++) {
      |                              ^~~~~~~~~~~~~~~~~ implicit conversion between `i32` and `i64`; the narrower operand widens to the wider one. Write it with `as` - this is accepted for now and will become an error before v1.0.0
 1689 |             lambda.add_parameter(params[i]);
 1690 |         }
      |

================================================================================
warning[W0005]: implicit conversion between `i32` and `i64`; the narrower operand widens to the wider one. Write it with `as` - this is accepted for now and will become an error before v1.0.0
 --> src/compiler/parser/Parser.cryo:768:34
     |
 766 |         if (this.check(TokenType::LAngle)) {
 767 |             const gen_params: GenericParamNode*[] = this.parse_generic_params(true);
 768 |             for (mut i: int = 0; i < gen_params.length; i++) {
     |                                  ^~~~~~~~~~~~~~~~~~~~~ implicit conversion between `i32` and `i64`; the narrower operand widens to the wider one. Write it with `as` - this is accepted for now and will become an error before v1.0.0
 769 |                 func.add_generic_param(gen_params[i]);
 770 |             }
     |

================================================================================
warning[W0005]: implicit conversion between `i32` and `i64`; the narrower operand widens to the wider one. Write it with `as` - this is accepted for now and will become an error before v1.0.0
 --> src/compiler/parser/Parser.cryo:784:34
     |
 782 |         if (this.check(TokenType::KwWhere)) {
 783 |             const bounds: TraitBound[] = this.parse_trait_bounds();
 784 |             for (mut i: int = 0; i < bounds.length; i++) {
     |                                  ^~~~~~~~~~~~~~~~~ implicit conversion between `i32` and `i64`; the narrower operand widens to the wider one. Write it with `as` - this is accepted for now and will become an error before v1.0.0
 785 |                 func.add_trait_bound(bounds[i].clone());
 786 |             }
     |

================================================================================
warning[W0005]: implicit conversion between `i32` and `i64`; the narrower operand widens to the wider one. Write it with `as` - this is accepted for now and will become an error before v1.0.0
 --> src/compiler/parser/Parser.cryo:829:34
     |
 827 |         if (!this.check(TokenType::RParen)) {
 828 |             const params: VarDeclNode*[] = this.parse_parameter_list();
 829 |             for (mut i: int = 0; i < params.length; i++) {
     |                                  ^~~~~~~~~~~~~~~~~ implicit conversion between `i32` and `i64`; the narrower operand widens to the wider one. Write it with `as` - this is accepted for now and will become an error before v1.0.0
 830 |                 func.add_parameter(params[i]);
 831 |             }
     |

================================================================================
warning[W0005]: implicit conversion between `i32` and `i64`; the narrower operand widens to the wider one. Write it with `as` - this is accepted for now and will become an error before v1.0.0
 --> src/compiler/parser/Parser.cryo:1073:34
      |
 1071 |         if (this.check(TokenType::LAngle)) {
 1072 |             const gen_params: GenericParamNode*[] = this.parse_generic_params(false);
 1073 |             for (mut i: int = 0; i < gen_params.length; i++) {
      |                                  ^~~~~~~~~~~~~~~~~~~~~ implicit conversion between `i32` and `i64`; the narrower operand widens to the wider one. Write it with `as` - this is accepted for now and will become an error before v1.0.0
 1074 |                 node.add_generic_param(gen_params[i]);
 1075 |             }
      |

================================================================================
warning[W0005]: implicit conversion between `i32` and `i64`; the narrower operand widens to the wider one. Write it with `as` - this is accepted for now and will become an error before v1.0.0
 --> src/compiler/parser/Parser.cryo:1082:35
      |
 1080 |         if (this.check(TokenType::KwWhere)) {
 1081 |             const bounds: TraitBound[] = this.parse_trait_bounds();
 1082 |             for (mut wi: int = 0; wi < bounds.length; wi++) {
      |                                   ^~~~~~~~~~~~~~~~~~ implicit conversion between `i32` and `i64`; the narrower operand widens to the wider one. Write it with `as` - this is accepted for now and will become an error before v1.0.0
 1083 |                 node.add_where_bound(bounds[wi].clone());
 1084 |             }
      |

================================================================================
warning[W0005]: implicit conversion between `i32` and `i64`; the narrower operand widens to the wider one. Write it with `as` - this is accepted for now and will become an error before v1.0.0
 --> src/compiler/parser/Parser.cryo:1113:34
      |
 1111 |         if (this.check(TokenType::LAngle)) {
 1112 |             const gen_params: GenericParamNode*[] = this.parse_generic_params(false);
 1113 |             for (mut i: int = 0; i < gen_params.length; i++) {
      |                                  ^~~~~~~~~~~~~~~~~~~~~ implicit conversion between `i32` and `i64`; the narrower operand widens to the wider one. Write it with `as` - this is accepted for now and will become an error before v1.0.0
 1114 |                 node.add_generic_param(gen_params[i]);
 1115 |             }
      |

================================================================================
warning[W0005]: implicit conversion between `i32` and `i64`; the narrower operand widens to the wider one. Write it with `as` - this is accepted for now and will become an error before v1.0.0
 --> src/compiler/parser/Parser.cryo:1122:35
      |
 1120 |         if (this.check(TokenType::KwWhere)) {
 1121 |             const bounds: TraitBound[] = this.parse_trait_bounds();
 1122 |             for (mut wi: int = 0; wi < bounds.length; wi++) {
      |                                   ^~~~~~~~~~~~~~~~~~ implicit conversion between `i32` and `i64`; the narrower operand widens to the wider one. Write it with `as` - this is accepted for now and will become an error before v1.0.0
 1123 |                 node.add_where_bound(bounds[wi].clone());
 1124 |             }
      |

================================================================================
warning[W0005]: implicit conversion between `i32` and `i64`; the narrower operand widens to the wider one. Write it with `as` - this is accepted for now and will become an error before v1.0.0
 --> src/compiler/parser/Parser.cryo:1151:34
      |
 1149 |         if (this.check(TokenType::LAngle)) {
 1150 |             const gen_params: GenericParamNode*[] = this.parse_generic_params(false);
 1151 |             for (mut i: int = 0; i < gen_params.length; i++) {
      |                                  ^~~~~~~~~~~~~~~~~~~~~ implicit conversion between `i32` and `i64`; the narrower operand widens to the wider one. Write it with `as` - this is accepted for now and will become an error before v1.0.0
 1152 |                 node.add_generic_param(gen_params[i]);
 1153 |             }
      |

================================================================================
warning[W0005]: implicit conversion between `i32` and `i64`; the narrower operand widens to the wider one. Write it with `as` - this is accepted for now and will become an error before v1.0.0
 --> src/compiler/parser/Parser.cryo:1167:35
      |
 1165 |         if (this.check(TokenType::KwWhere)) {
 1166 |             const bounds: TraitBound[] = this.parse_trait_bounds();
 1167 |             for (mut wi: int = 0; wi < bounds.length; wi++) {
      |                                   ^~~~~~~~~~~~~~~~~~ implicit conversion between `i32` and `i64`; the narrower operand widens to the wider one. Write it with `as` - this is accepted for now and will become an error before v1.0.0
 1168 |                 node.add_where_bound(bounds[wi].clone());
 1169 |             }
      |

================================================================================
warning[W0005]: implicit conversion between `i32` and `i64`; the narrower operand widens to the wider one. Write it with `as` - this is accepted for now and will become an error before v1.0.0
 --> src/compiler/parser/Parser.cryo:1612:34
      |
 1610 |         if (this.check(TokenType::LAngle)) {
 1611 |             const gen_params: GenericParamNode*[] = this.parse_generic_params(true);
 1612 |             for (mut i: int = 0; i < gen_params.length; i++) {
      |                                  ^~~~~~~~~~~~~~~~~~~~~ implicit conversion between `i32` and `i64`; the narrower operand widens to the wider one. Write it with `as` - this is accepted for now and will become an error before v1.0.0
 1613 |                 func.add_generic_param(gen_params[i]);
 1614 |             }
      |

================================================================================
warning[W0005]: implicit conversion between `i32` and `i64`; the narrower operand widens to the wider one. Write it with `as` - this is accepted for now and will become an error before v1.0.0
 --> src/compiler/parser/Parser.cryo:1629:35
      |
 1627 |         if (this.check(TokenType::KwWhere)) {
 1628 |             const bounds: TraitBound[] = this.parse_trait_bounds();
 1629 |             for (mut wi: int = 0; wi < bounds.length; wi++) {
      |                                   ^~~~~~~~~~~~~~~~~~ implicit conversion between `i32` and `i64`; the narrower operand widens to the wider one. Write it with `as` - this is accepted for now and will become an error before v1.0.0
 1630 |                 func.add_trait_bound(bounds[wi].clone());
 1631 |             }
      |

================================================================================
warning[W0005]: implicit conversion between `i32` and `i64`; the narrower operand widens to the wider one. Write it with `as` - this is accepted for now and will become an error before v1.0.0
 --> src/compiler/parser/Parser.cryo:1687:34
      |
 1685 |         if (this.check(TokenType::LAngle)) {
 1686 |             const gen_params: GenericParamNode*[] = this.parse_generic_params(false);
 1687 |             for (mut i: int = 0; i < gen_params.length; i++) {
      |                                  ^~~~~~~~~~~~~~~~~~~~~ implicit conversion between `i32` and `i64`; the narrower operand widens to the wider one. Write it with `as` - this is accepted for now and will become an error before v1.0.0
 1688 |                 node.add_generic_param(gen_params[i]);
 1689 |             }
      |

================================================================================
warning[W0005]: implicit conversion between `i32` and `i64`; the narrower operand widens to the wider one. Write it with `as` - this is accepted for now and will become an error before v1.0.0
 --> src/compiler/parser/Parser.cryo:1705:35
      |
 1703 |         if (this.check(TokenType::KwWhere)) {
 1704 |             const bounds: TraitBound[] = this.parse_trait_bounds();
 1705 |             for (mut wi: int = 0; wi < bounds.length; wi++) {
      |                                   ^~~~~~~~~~~~~~~~~~ implicit conversion between `i32` and `i64`; the narrower operand widens to the wider one. Write it with `as` - this is accepted for now and will become an error before v1.0.0
 1706 |                 node.add_where_bound(bounds[wi].clone());
 1707 |             }
      |

================================================================================
warning[W0005]: implicit conversion between `i32` and `i64`; the narrower operand widens to the wider one. Write it with `as` - this is accepted for now and will become an error before v1.0.0
 --> src/compiler/parser/Parser.cryo:1796:34
      |
 1794 |         if (this.check(TokenType::LAngle)) {
 1795 |             const gen_params: GenericParamNode*[] = this.parse_generic_params(false);
 1796 |             for (mut i: int = 0; i < gen_params.length; i++) {
      |                                  ^~~~~~~~~~~~~~~~~~~~~ implicit conversion between `i32` and `i64`; the narrower operand widens to the wider one. Write it with `as` - this is accepted for now and will become an error before v1.0.0
 1797 |                 node.add_generic_param(gen_params[i]);
 1798 |             }
      |

================================================================================
warning[W0005]: implicit conversion between `i32` and `i64`; the narrower operand widens to the wider one. Write it with `as` - this is accepted for now and will become an error before v1.0.0
 --> src/compiler/parser/Parser.cryo:1901:35
      |
 1899 |         if (this.check(TokenType::LAngle)) {
 1900 |             const gen_params: GenericParamNode*[] = this.parse_generic_params(false);
 1901 |             for (mut gi: int = 0; gi < gen_params.length; gi++) {
      |                                   ^~~~~~~~~~~~~~~~~~~~~~ implicit conversion between `i32` and `i64`; the narrower operand widens to the wider one. Write it with `as` - this is accepted for now and will become an error before v1.0.0
 1902 |                 node.add_generic_param(gen_params[gi]);
 1903 |             }
      |

================================================================================
warning[W0005]: implicit conversion between `i32` and `i64`; the narrower operand widens to the wider one. Write it with `as` - this is accepted for now and will become an error before v1.0.0
 --> src/compiler/parser/Parser.cryo:2230:30
      |
 2228 |     ![allow(lookup_by_spelling, reason = "a duplicate-declaration check: a parameter written in both of an impl's lists is declared once")]
 2229 |     static declares_generic_param(leading: GenericParamNode*[]*, gp: GenericParamNode*) -> boolean {
 2230 |         for (mut i: int = 0; i < (*leading).length; i++) {
      |                              ^~~~~~~~~~~~~~~~~~~~~ implicit conversion between `i32` and `i64`; the narrower operand widens to the wider one. Write it with `as` - this is accepted for now and will become an error before v1.0.0
 2231 |             if ((*leading)[i].name.equals(gp.name)) { return true; }
 2232 |         }
      |

================================================================================
warning[W0005]: implicit conversion between `i32` and `i64`; the narrower operand widens to the wider one. Write it with `as` - this is accepted for now and will become an error before v1.0.0
 --> src/compiler/parser/Parser.cryo:2352:32
      |
 2350 |             node.set_trait_annotation(trait_ann);
 2351 |         }
 2352 |         for (mut lgi: int = 0; lgi < leading_gen_params.length; lgi++) {
      |                                ^~~~~~~~~~~~~~~~~~~~~~~~~~~~~~~ implicit conversion between `i32` and `i64`; the narrower operand widens to the wider one. Write it with `as` - this is accepted for now and will become an error before v1.0.0
 2353 |             node.add_generic_param(leading_gen_params[lgi]);
 2354 |         }
      |

================================================================================
warning[W0005]: implicit conversion between `i32` and `i64`; the narrower operand widens to the wider one. Write it with `as` - this is accepted for now and will become an error before v1.0.0
 --> src/compiler/parser/Parser.cryo:2369:39
      |
 2367 |                 const gen_params: GenericParamNode*[] = this.parse_generic_params(true);
 2368 |                 mut inherent_args: TypeAnnotation*[] = [];
 2369 |                 for (mut gi: int = 0; gi < gen_params.length; gi++) {
      |                                       ^~~~~~~~~~~~~~~~~~~~~~ implicit conversion between `i32` and `i64`; the narrower operand widens to the wider one. Write it with `as` - this is accepted for now and will become an error before v1.0.0
 2370 |                     const gp: GenericParamNode* = gen_params[gi];
 2371 |                     if (!Parser::declares_generic_param(&leading_gen_params, gp)) { node.add_generic_param(gp); }
      |

================================================================================
warning[W0005]: implicit conversion between `i32` and `i64`; the narrower operand widens to the wider one. Write it with `as` - this is accepted for now and will become an error before v1.0.0
 --> src/compiler/parser/Parser.cryo:2389:35
      |
 2387 |         if (this.check(TokenType::KwWhere)) {
 2388 |             const bounds: TraitBound[] = this.parse_trait_bounds();
 2389 |             for (mut wi: int = 0; wi < bounds.length; wi++) {
      |                                   ^~~~~~~~~~~~~~~~~~ implicit conversion between `i32` and `i64`; the narrower operand widens to the wider one. Write it with `as` - this is accepted for now and will become an error before v1.0.0
 2390 |                 node.add_where_bound(bounds[wi].clone());
 2391 |             }
      |

================================================================================
warning[W0005]: implicit conversion between `i32` and `i64`; the narrower operand widens to the wider one. Write it with `as` - this is accepted for now and will become an error before v1.0.0
 --> src/compiler/parser/Parser.cryo:2704:34
      |
 2702 |         if (!this.check(TokenType::RParen)) {
 2703 |             const params: VarDeclNode*[] = this.parse_parameter_list();
 2704 |             for (mut i: int = 0; i < params.length; i++) {
      |                                  ^~~~~~~~~~~~~~~~~ implicit conversion between `i32` and `i64`; the narrower operand widens to the wider one. Write it with `as` - this is accepted for now and will become an error before v1.0.0
 2705 |                 const p: VarDeclNode* = params[i];
 2706 |                 // Detect variadic marker: the `args...` param has no type
      |

================================================================================
warning[W0005]: implicit conversion between `i32` and `i64`; the narrower operand widens to the wider one. Write it with `as` - this is accepted for now and will become an error before v1.0.0
 --> src/compiler/parser/Parser.cryo:2708:50
      |
 2706 |                 // Detect variadic marker: the `args...` param has no type
 2707 |                 // annotation (parse_parameter returns it early on `...`).
 2708 |                 if (p.type_annotation == null && i == params.length - 1) {
      |                                                  ^~~~~~~~~~~~~~~~~~~~~~ implicit conversion between `i32` and `i64`; the narrower operand widens to the wider one. Write it with `as` - this is accepted for now and will become an error before v1.0.0
 2709 |                     node.set_variadic(true);
 2710 |                 } else {
      |

================================================================================
warning[W0014]: redundant type suffix `u8` on numeric literal `0u8`; the surrounding context already types it
 --> C:/Programming/apps/CryoLang/stdlib/thread/_module.cryo:173:31
     |
 171 | 
 172 | /// Neither actor has reached its terminal point yet.
 173 | const STATE_LIVE:        u8 = 0u8;
     |                               ^~~ redundant type suffix `u8` on numeric literal `0u8`; the surrounding context already types it
 174 | /// The spawned thread finished and stored its result.
 175 | const STATE_THREAD_DONE: u8 = 1u8;
     |

================================================================================
warning[W0014]: redundant type suffix `u8` on numeric literal `1u8`; the surrounding context already types it
 --> C:/Programming/apps/CryoLang/stdlib/thread/_module.cryo:175:31
     |
 173 | const STATE_LIVE:        u8 = 0u8;
 174 | /// The spawned thread finished and stored its result.
 175 | const STATE_THREAD_DONE: u8 = 1u8;
     |                               ^~~ redundant type suffix `u8` on numeric literal `1u8`; the surrounding context already types it
 176 | /// The handle detached (or dropped); the result will never be read.
 177 | const STATE_DETACHED:    u8 = 2u8;
     |

================================================================================
warning[W0014]: redundant type suffix `u8` on numeric literal `2u8`; the surrounding context already types it
 --> C:/Programming/apps/CryoLang/stdlib/thread/_module.cryo:177:31
     |
 175 | const STATE_THREAD_DONE: u8 = 1u8;
 176 | /// The handle detached (or dropped); the result will never be read.
 177 | const STATE_DETACHED:    u8 = 2u8;
     |                               ^~~ redundant type suffix `u8` on numeric literal `2u8`; the surrounding context already types it
 178 | 
     |

================================================================================
warning[W0015]: explicit destructor call; the value is released at scope exit, and an aggregate's fields are released after its own `drop` runs. To release EARLY, write `mem::drop(x)`, which also stops the value being used afterwards. This is a warning while the tree is being cleaned up and will become an error
 --> C:/Programming/apps/CryoLang/stdlib/thread/_module.cryo:739:9
     |
 737 |     drop(mut &this) -> void {
 738 |         this.join_all();
 739 |         this.tids.drop();
     |         ^~~~~~~~~~~~~~~~ explicit destructor call; the value is released at scope exit, and an aggregate's fields are released after its own `drop` runs. To release EARLY, write `mem::drop(x)`, which also stops the value being used afterwards. This is a warning while the tree is being cleaned up and will become an error
 740 |     }
 741 | }
     |

================================================================================
warning[W0015]: explicit destructor call; the value is released at scope exit, and an aggregate's fields are released after its own `drop` runs. To release EARLY, write `mem::drop(x)`, which also stops the value being used afterwards. This is a warning while the tree is being cleaned up and will become an error
 --> C:/Programming/apps/CryoLang/stdlib/json/value.cryo:437:9
     |
 435 | implement trait Drop for struct JsonObject {
 436 |     drop(mut &this) -> void {
 437 |         this.values.drop();
     |         ^~~~~~~~~~~~~~~~~~ explicit destructor call; the value is released at scope exit, and an aggregate's fields are released after its own `drop` runs. To release EARLY, write `mem::drop(x)`, which also stops the value being used afterwards. This is a warning while the tree is being cleaned up and will become an error
 438 |         this.keys.drop();
 439 |         this.index.drop();
     |

================================================================================
warning[W0015]: explicit destructor call; the value is released at scope exit, and an aggregate's fields are released after its own `drop` runs. To release EARLY, write `mem::drop(x)`, which also stops the value being used afterwards. This is a warning while the tree is being cleaned up and will become an error
 --> C:/Programming/apps/CryoLang/stdlib/json/value.cryo:438:9
     |
 436 |     drop(mut &this) -> void {
 437 |         this.values.drop();
 438 |         this.keys.drop();
     |         ^~~~~~~~~~~~~~~~ explicit destructor call; the value is released at scope exit, and an aggregate's fields are released after its own `drop` runs. To release EARLY, write `mem::drop(x)`, which also stops the value being used afterwards. This is a warning while the tree is being cleaned up and will become an error
 439 |         this.index.drop();
 440 |     }
     |

================================================================================
warning[W0015]: explicit destructor call; the value is released at scope exit, and an aggregate's fields are released after its own `drop` runs. To release EARLY, write `mem::drop(x)`, which also stops the value being used afterwards. This is a warning while the tree is being cleaned up and will become an error
 --> C:/Programming/apps/CryoLang/stdlib/json/value.cryo:439:9
     |
 437 |         this.values.drop();
 438 |         this.keys.drop();
 439 |         this.index.drop();
     |         ^~~~~~~~~~~~~~~~~ explicit destructor call; the value is released at scope exit, and an aggregate's fields are released after its own `drop` runs. To release EARLY, write `mem::drop(x)`, which also stops the value being used afterwards. This is a warning while the tree is being cleaned up and will become an error
 440 |     }
 441 | }
     |

================================================================================
warning[W0015]: explicit destructor call; the value is released at scope exit, and an aggregate's fields are released after its own `drop` runs. To release EARLY, write `mem::drop(x)`, which also stops the value being used afterwards. This is a warning while the tree is being cleaned up and will become an error
 --> C:/Programming/apps/CryoLang/stdlib/json/value.cryo:453:40
     |
 451 |             JsonValue::Bool(_)    => { }
 452 |             JsonValue::Number(_)  => { }
 453 |             JsonValue::String(s)  => { s.drop(); }
     |                                        ^~~~~~~~ explicit destructor call; the value is released at scope exit, and an aggregate's fields are released after its own `drop` runs. To release EARLY, write `mem::drop(x)`, which also stops the value being used afterwards. This is a warning while the tree is being cleaned up and will become an error
 454 |             JsonValue::Array(arr) => { arr.drop(); }
 455 |             JsonValue::Object(obj) => { obj.drop(); }
     |

================================================================================
warning[W0015]: explicit destructor call; the value is released at scope exit, and an aggregate's fields are released after its own `drop` runs. To release EARLY, write `mem::drop(x)`, which also stops the value being used afterwards. This is a warning while the tree is being cleaned up and will become an error
 --> C:/Programming/apps/CryoLang/stdlib/json/value.cryo:454:40
     |
 452 |             JsonValue::Number(_)  => { }
 453 |             JsonValue::String(s)  => { s.drop(); }
 454 |             JsonValue::Array(arr) => { arr.drop(); }
     |                                        ^~~~~~~~~~ explicit destructor call; the value is released at scope exit, and an aggregate's fields are released after its own `drop` runs. To release EARLY, write `mem::drop(x)`, which also stops the value being used afterwards. This is a warning while the tree is being cleaned up and will become an error
 455 |             JsonValue::Object(obj) => { obj.drop(); }
 456 |         }
     |

================================================================================
warning[W0015]: explicit destructor call; the value is released at scope exit, and an aggregate's fields are released after its own `drop` runs. To release EARLY, write `mem::drop(x)`, which also stops the value being used afterwards. This is a warning while the tree is being cleaned up and will become an error
 --> C:/Programming/apps/CryoLang/stdlib/json/value.cryo:455:41
     |
 453 |             JsonValue::String(s)  => { s.drop(); }
 454 |             JsonValue::Array(arr) => { arr.drop(); }
 455 |             JsonValue::Object(obj) => { obj.drop(); }
     |                                         ^~~~~~~~~~ explicit destructor call; the value is released at scope exit, and an aggregate's fields are released after its own `drop` runs. To release EARLY, write `mem::drop(x)`, which also stops the value being used afterwards. This is a warning while the tree is being cleaned up and will become an error
 456 |         }
 457 |     }
     |

================================================================================
warning[W0015]: explicit destructor call; the value is released at scope exit, and an aggregate's fields are released after its own `drop` runs. To release EARLY, write `mem::drop(x)`, which also stops the value being used afterwards. This is a warning while the tree is being cleaned up and will become an error
 --> C:/Programming/apps/CryoLang/stdlib/json/parser.cryo:691:9
     |
 689 |         // parsing untrusted JSON.
 690 |         mut owned: JsonValue = v;
 691 |         owned.drop();
     |         ^~~~~~~~~~~~ explicit destructor call; the value is released at scope exit, and an aggregate's fields are released after its own `drop` runs. To release EARLY, write `mem::drop(x)`, which also stops the value being used afterwards. This is a warning while the tree is being cleaned up and will become an error
 692 |         return Result::Err(JsonError::new(
 693 |             JsonErrorKind::TrailingData,
     |

================================================================================
warning[W0015]: explicit destructor call; the value is released at scope exit, and an aggregate's fields are released after its own `drop` runs. To release EARLY, write `mem::drop(x)`, which also stops the value being used afterwards. This is a warning while the tree is being cleaned up and will become an error
 --> src/compiler/vendor/registry.cryo:263:37
     |
 261 |         mut root: JsonValue = match (parser::parse(Str::from(content))) {
 262 |             Result::Ok(v)      => { v }
 263 |             Result::Err(mut e) => { e.drop(); return VendorRegistry::empty(); }
     |                                     ^~~~~~~~ explicit destructor call; the value is released at scope exit, and an aggregate's fields are released after its own `drop` runs. To release EARLY, write `mem::drop(x)`, which also stops the value being used afterwards. This is a warning while the tree is being cleaned up and will become an error
 264 |         };
     |

================================================================================
warning[W0015]: explicit destructor call; the value is released at scope exit, and an aggregate's fields are released after its own `drop` runs. To release EARLY, write `mem::drop(x)`, which also stops the value being used afterwards. This is a warning while the tree is being cleaned up and will become an error
 --> src/compiler/vendor/registry.cryo:281:9
     |
 279 |             Option::None => { }
 280 |         }
 281 |         root.drop();
     |         ^~~~~~~~~~~ explicit destructor call; the value is released at scope exit, and an aggregate's fields are released after its own `drop` runs. To release EARLY, write `mem::drop(x)`, which also stops the value being used afterwards. This is a warning while the tree is being cleaned up and will become an error
 282 |         return reg;
 283 |     }
     |

================================================================================
warning[W0015]: explicit destructor call; the value is released at scope exit, and an aggregate's fields are released after its own `drop` runs. To release EARLY, write `mem::drop(x)`, which also stops the value being used afterwards. This is a warning while the tree is being cleaned up and will become an error
 --> src/compiler/vendor/registry.cryo:308:9
     |
 306 |         mut doc: JsonValue = JsonValue::Object(root);
 307 |         mut text: String = serializer::stringify_pretty(&doc);
 308 |         doc.drop();
     |         ^~~~~~~~~~ explicit destructor call; the value is released at scope exit, and an aggregate's fields are released after its own `drop` runs. To release EARLY, write `mem::drop(x)`, which also stops the value being used afterwards. This is a warning while the tree is being cleaned up and will become an error
 309 | 
 310 |         const tmp: string = fmt::format("%s.tmp.%d", path, process::id());
     |

================================================================================
warning[W0015]: explicit destructor call; the value is released at scope exit, and an aggregate's fields are released after its own `drop` runs. To release EARLY, write `mem::drop(x)`, which also stops the value being used afterwards. This is a warning while the tree is being cleaned up and will become an error
 --> src/compiler/vendor/registry.cryo:314:33
     |
 312 |         match (file::write(Path::from(tmp), text.as_bytes())) {
 313 |             Result::Ok(_)  => {}
 314 |             Result::Err(_) => { text.drop(); return false; }
     |                                 ^~~~~~~~~~~ explicit destructor call; the value is released at scope exit, and an aggregate's fields are released after its own `drop` runs. To release EARLY, write `mem::drop(x)`, which also stops the value being used afterwards. This is a warning while the tree is being cleaned up and will become an error
 315 |         }
 316 |         text.drop();
     |

================================================================================
warning[W0015]: explicit destructor call; the value is released at scope exit, and an aggregate's fields are released after its own `drop` runs. To release EARLY, write `mem::drop(x)`, which also stops the value being used afterwards. This is a warning while the tree is being cleaned up and will become an error
 --> src/compiler/vendor/registry.cryo:316:9
     |
 314 |             Result::Err(_) => { text.drop(); return false; }
 315 |         }
 316 |         text.drop();
     |         ^~~~~~~~~~~ explicit destructor call; the value is released at scope exit, and an aggregate's fields are released after its own `drop` runs. To release EARLY, write `mem::drop(x)`, which also stops the value being used afterwards. This is a warning while the tree is being cleaned up and will become an error
 317 |         if (!VendorRegistry::replace_file_atomic(Text::new(tmp), Text::new(path))) {
 318 |             dir::remove_file(Path::from(tmp));   // leave no stray temp file on a failed swap
     |

================================================================================
warning[W0015]: explicit destructor call; the value is released at scope exit, and an aggregate's fields are released after its own `drop` runs. To release EARLY, write `mem::drop(x)`, which also stops the value being used afterwards. This is a warning while the tree is being cleaned up and will become an error
 --> src/compiler/vendor/registry.cryo:584:21
     |
 582 |                     // The lock token is the file's existence; we don't write to
 583 |                     // it.  Close the fd now (the file stays until `release`).
 584 |                     fh.drop();
     |                     ^~~~~~~~~ explicit destructor call; the value is released at scope exit, and an aggregate's fields are released after its own `drop` runs. To release EARLY, write `mem::drop(x)`, which also stops the value being used afterwards. This is a warning while the tree is being cleaned up and will become an error
 585 |                     return VendorLock { path: lpath, held: true };
 586 |                 }
     |

================================================================================
warning[W0015]: explicit destructor call; the value is released at scope exit, and an aggregate's fields are released after its own `drop` runs. To release EARLY, write `mem::drop(x)`, which also stops the value being used afterwards. This is a warning while the tree is being cleaned up and will become an error
 --> src/compiler/build_manifest.cryo:167:9
     |
 165 |             }
 166 |         }
 167 |         text.drop();
     |         ^~~~~~~~~~~ explicit destructor call; the value is released at scope exit, and an aggregate's fields are released after its own `drop` runs. To release EARLY, write `mem::drop(x)`, which also stops the value being used afterwards. This is a warning while the tree is being cleaned up and will become an error
 168 |     }
 169 | }
     |

================================================================================
warning[W0015]: explicit destructor call; the value is released at scope exit, and an aggregate's fields are released after its own `drop` runs. To release EARLY, write `mem::drop(x)`, which also stops the value being used afterwards. This is a warning while the tree is being cleaned up and will become an error
 --> src/compiler/build_manifest.cryo:263:9
     |
 261 |             }
 262 |         }
 263 |         text.drop();
     |         ^~~~~~~~~~~ explicit destructor call; the value is released at scope exit, and an aggregate's fields are released after its own `drop` runs. To release EARLY, write `mem::drop(x)`, which also stops the value being used afterwards. This is a warning while the tree is being cleaned up and will become an error
 264 |     }
     |

================================================================================
warning[W0015]: explicit destructor call; the value is released at scope exit, and an aggregate's fields are released after its own `drop` runs. To release EARLY, write `mem::drop(x)`, which also stops the value being used afterwards. This is a warning while the tree is being cleaned up and will become an error
 --> src/compiler/build_manifest.cryo:325:9
     |
 323 |         mut doc: JsonValue = JsonValue::Object(root);
 324 |         mut text: String = serializer::stringify_pretty(&doc);
 325 |         doc.drop();
     |         ^~~~~~~~~~ explicit destructor call; the value is released at scope exit, and an aggregate's fields are released after its own `drop` runs. To release EARLY, write `mem::drop(x)`, which also stops the value being used afterwards. This is a warning while the tree is being cleaned up and will become an error
 326 | 
 327 |         text.push_byte(10 as u8);        // trailing newline (matches prior fputs)
     |

================================================================================
warning[W0015]: explicit destructor call; the value is released at scope exit, and an aggregate's fields are released after its own `drop` runs. To release EARLY, write `mem::drop(x)`, which also stops the value being used afterwards. This is a warning while the tree is being cleaned up and will become an error
 --> src/compiler/build_manifest.cryo:334:9
     |
 332 |             }
 333 |         }
 334 |         text.drop();
     |         ^~~~~~~~~~~ explicit destructor call; the value is released at scope exit, and an aggregate's fields are released after its own `drop` runs. To release EARLY, write `mem::drop(x)`, which also stops the value being used afterwards. This is a warning while the tree is being cleaned up and will become an error
 335 |     }
     |

================================================================================
warning[W0015]: explicit destructor call; the value is released at scope exit, and an aggregate's fields are released after its own `drop` runs. To release EARLY, write `mem::drop(x)`, which also stops the value being used afterwards. This is a warning while the tree is being cleaned up and will become an error
 --> src/compiler/build_manifest.cryo:366:17
     |
 364 |                     h.fold(d[i]);
 365 |                 }
 366 |                 bytes.drop();
     |                 ^~~~~~~~~~~~ explicit destructor call; the value is released at scope exit, and an aggregate's fields are released after its own `drop` runs. To release EARLY, write `mem::drop(x)`, which also stops the value being used afterwards. This is a warning while the tree is being cleaned up and will become an error
 367 |                 h.fold(n);
 368 |             }
     |

================================================================================
warning[W0005]: implicit conversion between `i32` and `i64`; the narrower operand widens to the wider one. Write it with `as` - this is accepted for now and will become an error before v1.0.0
 --> src/compiler/deps/lockfile.cryo:106:30
     |
 104 |     /// Find the locked package for `name`, or null if absent.
 105 |     find(&this, name: string) -> LockedDep* {
 106 |         for (mut i: int = 0; i < this.packages.length; i++) {
     |                              ^~~~~~~~~~~~~~~~~~~~~~~~ implicit conversion between `i32` and `i64`; the narrower operand widens to the wider one. Write it with `as` - this is accepted for now and will become an error before v1.0.0
 107 |             if (this.packages[i].name.eq(name)) {
 108 |                 return &this.packages[i];
     |

================================================================================
warning[W0015]: explicit destructor call; the value is released at scope exit, and an aggregate's fields are released after its own `drop` runs. To release EARLY, write `mem::drop(x)`, which also stops the value being used afterwards. This is a warning while the tree is being cleaned up and will become an error
 --> src/compiler/deps/lockfile.cryo:143:37
     |
 141 |         mut root: JsonValue = match (parser::parse(Str::from(content))) {
 142 |             Result::Ok(v)      => { v }
 143 |             Result::Err(mut e) => { e.drop(); return Lockfile::empty(); }
     |                                     ^~~~~~~~ explicit destructor call; the value is released at scope exit, and an aggregate's fields are released after its own `drop` runs. To release EARLY, write `mem::drop(x)`, which also stops the value being used afterwards. This is a warning while the tree is being cleaned up and will become an error
 144 |         };
     |

================================================================================
warning[W0015]: explicit destructor call; the value is released at scope exit, and an aggregate's fields are released after its own `drop` runs. To release EARLY, write `mem::drop(x)`, which also stops the value being used afterwards. This is a warning while the tree is being cleaned up and will become an error
 --> src/compiler/deps/lockfile.cryo:197:9
     |
 195 |         }
 196 | 
 197 |         root.drop();
     |         ^~~~~~~~~~~ explicit destructor call; the value is released at scope exit, and an aggregate's fields are released after its own `drop` runs. To release EARLY, write `mem::drop(x)`, which also stops the value being used afterwards. This is a warning while the tree is being cleaned up and will become an error
 198 |         if (lock.schema_version != CURRENT_SCHEMA_VERSION) {
 199 |             fmt::eprintln(f"warning: {path} has schema_version={lock.schema_version}; expected {CURRENT_SCHEMA_VERSION}; regenerate via `cryo fetch`");
     |

================================================================================
warning[W0015]: explicit destructor call; the value is released at scope exit, and an aggregate's fields are released after its own `drop` runs. To release EARLY, write `mem::drop(x)`, which also stops the value being used afterwards. This is a warning while the tree is being cleaned up and will become an error
 --> src/compiler/deps/lockfile.cryo:235:9
     |
 233 |         mut doc: JsonValue = JsonValue::Object(root);
 234 |         mut text: String = serializer::stringify_pretty(&doc);
 235 |         doc.drop();
     |         ^~~~~~~~~~ explicit destructor call; the value is released at scope exit, and an aggregate's fields are released after its own `drop` runs. To release EARLY, write `mem::drop(x)`, which also stops the value being used afterwards. This is a warning while the tree is being cleaned up and will become an error
 236 | 
 237 |         text.push_byte(10 as u8);        // trailing newline (matches prior fputs)
     |

================================================================================
warning[W0015]: explicit destructor call; the value is released at scope exit, and an aggregate's fields are released after its own `drop` runs. To release EARLY, write `mem::drop(x)`, which also stops the value being used afterwards. This is a warning while the tree is being cleaned up and will become an error
 --> src/compiler/deps/lockfile.cryo:245:9
     |
 243 |             }
 244 |         };
 245 |         text.drop();
     |         ^~~~~~~~~~~ explicit destructor call; the value is released at scope exit, and an aggregate's fields are released after its own `drop` runs. To release EARLY, write `mem::drop(x)`, which also stops the value being used afterwards. This is a warning while the tree is being cleaned up and will become an error
 246 |         return ok;
 247 |     }
     |

================================================================================
warning[W0005]: implicit conversion between `i32` and `i64`; the narrower operand widens to the wider one. Write it with `as` - this is accepted for now and will become an error before v1.0.0
 --> src/compiler/module_loader.cryo:233:30
     |
 231 |         // project_root.  HashMap.insert is last-wins, so re-scanning a
 232 |         // path already covered by entry_dir is harmless.
 233 |         for (mut i: int = 0; i < this.extra_roots.length; i++) {
     |                              ^~~~~~~~~~~~~~~~~~~~~~~~~~~ implicit conversion between `i32` and `i64`; the narrower operand widens to the wider one. Write it with `as` - this is accepted for now and will become an error before v1.0.0
 234 |             const rel: string = this.extra_roots[i];
 235 |             const root: string = if (this.project_root.length() == 0
     |

================================================================================
warning[W0015]: explicit destructor call; the value is released at scope exit, and an aggregate's fields are released after its own `drop` runs. To release EARLY, write `mem::drop(x)`, which also stops the value being used afterwards. This is a warning while the tree is being cleaned up and will become an error
 --> src/compiler/module_loader.cryo:303:21
     |
 301 |                         }
 302 |                     }
 303 |                     name_s.drop();
     |                     ^~~~~~~~~~~~~ explicit destructor call; the value is released at scope exit, and an aggregate's fields are released after its own `drop` runs. To release EARLY, write `mem::drop(x)`, which also stops the value being used afterwards. This is a warning while the tree is being cleaned up and will become an error
 304 |                 }
 305 |                 Option::None => { break; }
     |

================================================================================
warning[W0015]: explicit destructor call; the value is released at scope exit, and an aggregate's fields are released after its own `drop` runs. To release EARLY, write `mem::drop(x)`, which also stops the value being used afterwards. This is a warning while the tree is being cleaned up and will become an error
 --> src/compiler/module_loader.cryo:308:9
     |
 306 |             }
 307 |         }
 308 |         rd.drop();
     |         ^~~~~~~~~ explicit destructor call; the value is released at scope exit, and an aggregate's fields are released after its own `drop` runs. To release EARLY, write `mem::drop(x)`, which also stops the value being used afterwards. This is a warning while the tree is being cleaned up and will become an error
 309 |         return overall_ok;
 310 |     }
     |

================================================================================
warning[W0015]: explicit destructor call; the value is released at scope exit, and an aggregate's fields are released after its own `drop` runs. To release EARLY, write `mem::drop(x)`, which also stops the value being used afterwards. This is a warning while the tree is being cleaned up and will become an error
 --> src/compiler/module_loader.cryo:345:21
     |
 343 |                         }
 344 |                     }
 345 |                     name_s.drop();
     |                     ^~~~~~~~~~~~~ explicit destructor call; the value is released at scope exit, and an aggregate's fields are released after its own `drop` runs. To release EARLY, write `mem::drop(x)`, which also stops the value being used afterwards. This is a warning while the tree is being cleaned up and will become an error
 346 |                 }
 347 |                 Option::None => { break; }
     |

================================================================================
warning[W0015]: explicit destructor call; the value is released at scope exit, and an aggregate's fields are released after its own `drop` runs. To release EARLY, write `mem::drop(x)`, which also stops the value being used afterwards. This is a warning while the tree is being cleaned up and will become an error
 --> src/compiler/module_loader.cryo:350:9
     |
 348 |             }
 349 |         }
 350 |         rd.drop();
     |         ^~~~~~~~~ explicit destructor call; the value is released at scope exit, and an aggregate's fields are released after its own `drop` runs. To release EARLY, write `mem::drop(x)`, which also stops the value being used afterwards. This is a warning while the tree is being cleaned up and will become an error
 351 |     }
     |

================================================================================
warning[W0015]: explicit destructor call; the value is released at scope exit, and an aggregate's fields are released after its own `drop` runs. To release EARLY, write `mem::drop(x)`, which also stops the value being used afterwards. This is a warning while the tree is being cleaned up and will become an error
 --> src/compiler/passes/config_gating.cryo:592:13
     |
 590 |             // the freshly-built `kept` copy is discarded.  Release its array
 591 |             // spine (the ASTNode* elements are arena-owned and unaffected).
 592 |             kept.drop();
     |             ^~~~~~~~~~~ explicit destructor call; the value is released at scope exit, and an aggregate's fields are released after its own `drop` runs. To release EARLY, write `mem::drop(x)`, which also stops the value being used afterwards. This is a warning while the tree is being cleaned up and will become an error
 593 |         }
     |

================================================================================
warning[W0005]: implicit conversion between `i32` and `i64`; the narrower operand widens to the wider one. Write it with `as` - this is accepted for now and will become an error before v1.0.0
 --> src/compiler/passes/pass_registry.cryo:152:30
     |
 150 |         mut available: ProvisionSet = ProvisionSet::empty();
 151 | 
 152 |         for (mut i: int = 0; i < this.passes.length; i++) {
     |                              ^~~~~~~~~~~~~~~~~~~~~~ implicit conversion between `i32` and `i64`; the narrower operand widens to the wider one. Write it with `as` - this is accepted for now and will become an error before v1.0.0
 153 |             LOG_DEBUG(LogComponent::General, "[PassRegistry] validating pass %lld/%lld", i + 1, this.passes.length);
 154 |             const meta: PassMetadata = this.passes[i].metadata();
     |

================================================================================
warning[W0005]: implicit conversion between `i32` and `i64`; the narrower operand widens to the wider one. Write it with `as` - this is accepted for now and will become an error before v1.0.0
 --> src/compiler/passes/pass_registry.cryo:157:34
     |
 155 | 
 156 |             // Check required dependencies
 157 |             for (mut j: int = 0; j < meta.requirements.length; j++) {
     |                                  ^~~~~~~~~~~~~~~~~~~~~~~~~~~~ implicit conversion between `i32` and `i64`; the narrower operand widens to the wider one. Write it with `as` - this is accepted for now and will become an error before v1.0.0
 158 |                 const req: PassRequirement = meta.requirements[j];
 159 |                 if (req.is_required && !available.has(req.provision)) {
     |

================================================================================
warning[W0005]: implicit conversion between `i32` and `i64`; the narrower operand widens to the wider one. Write it with `as` - this is accepted for now and will become an error before v1.0.0
 --> src/compiler/passes/pass_registry.cryo:168:34
     |
 166 | 
 167 |             // Register this pass's provisions
 168 |             for (mut k: int = 0; k < meta.provisions.length; k++) {
     |                                  ^~~~~~~~~~~~~~~~~~~~~~~~~~ implicit conversion between `i32` and `i64`; the narrower operand widens to the wider one. Write it with `as` - this is accepted for now and will become an error before v1.0.0
 169 |                 available.mark(meta.provisions[k]);
 170 |             }
     |

================================================================================
warning[W0005]: implicit conversion between `i32` and `i64`; the narrower operand widens to the wider one. Write it with `as` - this is accepted for now and will become an error before v1.0.0
 --> src/compiler/passes/pass_registry.cryo:183:30
     |
 181 |         mut available: ProvisionSet = initial;
 182 | 
 183 |         for (mut i: int = 0; i < this.passes.length; i++) {
     |                              ^~~~~~~~~~~~~~~~~~~~~~ implicit conversion between `i32` and `i64`; the narrower operand widens to the wider one. Write it with `as` - this is accepted for now and will become an error before v1.0.0
 184 |             const meta: PassMetadata = this.passes[i].metadata();
     |

================================================================================
warning[W0005]: implicit conversion between `i32` and `i64`; the narrower operand widens to the wider one. Write it with `as` - this is accepted for now and will become an error before v1.0.0
 --> src/compiler/passes/pass_registry.cryo:186:34
     |
 184 |             const meta: PassMetadata = this.passes[i].metadata();
 185 | 
 186 |             for (mut j: int = 0; j < meta.requirements.length; j++) {
     |                                  ^~~~~~~~~~~~~~~~~~~~~~~~~~~~ implicit conversion between `i32` and `i64`; the narrower operand widens to the wider one. Write it with `as` - this is accepted for now and will become an error before v1.0.0
 187 |                 const req: PassRequirement = meta.requirements[j];
 188 |                 if (req.is_required && !available.has(req.provision)) {
     |

================================================================================
warning[W0005]: implicit conversion between `i32` and `i64`; the narrower operand widens to the wider one. Write it with `as` - this is accepted for now and will become an error before v1.0.0
 --> src/compiler/passes/pass_registry.cryo:196:34
     |
 194 |             }
 195 | 
 196 |             for (mut k: int = 0; k < meta.provisions.length; k++) {
     |                                  ^~~~~~~~~~~~~~~~~~~~~~~~~~ implicit conversion between `i32` and `i64`; the narrower operand widens to the wider one. Write it with `as` - this is accepted for now and will become an error before v1.0.0
 197 |                 available.mark(meta.provisions[k]);
 198 |             }
     |

================================================================================
warning[W0005]: implicit conversion between `i32` and `i64`; the narrower operand widens to the wider one. Write it with `as` - this is accepted for now and will become an error before v1.0.0
 --> src/compiler/passes/pass_registry.cryo:212:30
     |
 210 |         // read the pass list back through its new owner.
 211 |         this.stats = [];
 212 |         for (mut i: int = 0; i < this.passes.length; i++) {
     |                              ^~~~~~~~~~~~~~~~~~~~~~ implicit conversion between `i32` and `i64`; the narrower operand widens to the wider one. Write it with `as` - this is accepted for now and will become an error before v1.0.0
 213 |             this.stats.push(PassStats::new(this.passes[i]));
 214 |         }
     |

================================================================================
warning[W0005]: implicit conversion between `i32` and `i64`; the narrower operand widens to the wider one. Write it with `as` - this is accepted for now and will become an error before v1.0.0
 --> src/compiler/passes/pass_registry.cryo:231:30
     |
 229 |         mut any_failed: boolean = false;
 230 | 
 231 |         for (mut i: int = 0; i < this.passes.length; i++) {
     |                              ^~~~~~~~~~~~~~~~~~~~~~ implicit conversion between `i32` and `i64`; the narrower operand widens to the wider one. Write it with `as` - this is accepted for now and will become an error before v1.0.0
 232 |             const id: PassID = this.passes[i];
 233 |             const meta: PassMetadata = id.metadata();
     |

================================================================================
warning[W0005]: implicit conversion between `i32` and `i64`; the narrower operand widens to the wider one. Write it with `as` - this is accepted for now and will become an error before v1.0.0
 --> src/compiler/passes/pass_registry.cryo:283:38
     |
 281 |             // so passes cannot accidentally claim provisions they don't own.
 282 |             if (result.success) {
 283 |                 for (mut j: int = 0; j < meta.provisions.length; j++) {
     |                                      ^~~~~~~~~~~~~~~~~~~~~~~~~~ implicit conversion between `i32` and `i64`; the narrower operand widens to the wider one. Write it with `as` - this is accepted for now and will become an error before v1.0.0
 284 |                     ctx.provisions.mark(meta.provisions[j]);
 285 |                 }
     |

================================================================================
warning[W0005]: implicit conversion between `i32` and `i64`; the narrower operand widens to the wider one. Write it with `as` - this is accepted for now and will become an error before v1.0.0
 --> src/compiler/passes/pass_registry.cryo:296:30
     |
 294 |     /// CompilationContext::reset_for_next_module().
 295 |     reset(mut &this) -> void {
 296 |         for (mut i: int = 0; i < this.stats.length; i++) {
     |                              ^~~~~~~~~~~~~~~~~~~~~ implicit conversion between `i32` and `i64`; the narrower operand widens to the wider one. Write it with `as` - this is accepted for now and will become an error before v1.0.0
 297 |             this.stats[i] = PassStats::new(this.passes[i]);
 298 |         }
     |

================================================================================
warning[W0005]: implicit conversion between `i32` and `i64`; the narrower operand widens to the wider one. Write it with `as` - this is accepted for now and will become an error before v1.0.0
 --> src/compiler/passes/pass_registry.cryo:562:30
     |
 560 |         mut had_errors: boolean = false;
 561 |         mut had_comments: boolean = false;
 562 |         for (mut i: int = 0; i < tokens.length; i++) {
     |                              ^~~~~~~~~~~~~~~~~ implicit conversion between `i32` and `i64`; the narrower operand widens to the wider one. Write it with `as` - this is accepted for now and will become an error before v1.0.0
 563 |             if (tokens[i].kind == TokenType::Unknown) {
 564 |                 had_errors = true;
     |

================================================================================
warning[W0005]: implicit conversion between `i32` and `i64`; the narrower operand widens to the wider one. Write it with `as` - this is accepted for now and will become an error before v1.0.0
 --> src/compiler/passes/pass_registry.cryo:582:20
     |
 580 |         {
 581 |             mut j: int = 0;
 582 |             while (j < clean_tokens.length) {
     |                    ^~~~~~~~~~~~~~~~~~~~~~~ implicit conversion between `i32` and `i64`; the narrower operand widens to the wider one. Write it with `as` - this is accepted for now and will become an error before v1.0.0
 583 |                 if (clean_tokens[j].kind == TokenType::StringLiteral
 584 |                     && j + 1 < clean_tokens.length
     |

================================================================================
warning[W0005]: implicit conversion between `i32` and `i64`; the narrower operand widens to the wider one. Write it with `as` - this is accepted for now and will become an error before v1.0.0
 --> src/compiler/passes/pass_registry.cryo:584:24
     |
 582 |             while (j < clean_tokens.length) {
 583 |                 if (clean_tokens[j].kind == TokenType::StringLiteral
 584 |                     && j + 1 < clean_tokens.length
     |                        ^~~~~~~~~~~~~~~~~~~~~~~~~~~ implicit conversion between `i32` and `i64`; the narrower operand widens to the wider one. Write it with `as` - this is accepted for now and will become an error before v1.0.0
 585 |                     && clean_tokens[j + 1].kind == TokenType::StringLiteral) {
 586 |                     mut combined: string = clean_tokens[j].lexeme;
     |

================================================================================
warning[W0005]: implicit conversion between `i32` and `i64`; the narrower operand widens to the wider one. Write it with `as` - this is accepted for now and will become an error before v1.0.0
 --> src/compiler/passes/pass_registry.cryo:590:28
     |
 588 |                     const start_col:     int = clean_tokens[j].column;
 589 |                     mut total_src_extent: int = clean_tokens[j].source_length;
 590 |                     while (j + 1 < clean_tokens.length &&
     |                            ^~~~~~~~~~~~~~~~~~~~~~~~~~~ implicit conversion between `i32` and `i64`; the narrower operand widens to the wider one. Write it with `as` - this is accepted for now and will become an error before v1.0.0
 591 |                            clean_tokens[j + 1].kind == TokenType::StringLiteral) {
 592 |                         j += 1;
     |

================================================================================
warning[W0005]: implicit conversion between `i32` and `i64`; the narrower operand widens to the wider one. Write it with `as` - this is accepted for now and will become an error before v1.0.0
 --> src/compiler/passes/pass_registry.cryo:630:35
     |
 628 |         mut final_tokens: Token[] = [];
 629 |         if (needs_filter) {
 630 |             for (mut fi: int = 0; fi < merged_tokens.length; fi++) {
     |                                   ^~~~~~~~~~~~~~~~~~~~~~~~~ implicit conversion between `i32` and `i64`; the narrower operand widens to the wider one. Write it with `as` - this is accepted for now and will become an error before v1.0.0
 631 |                 final_tokens.push(merged_tokens[fi]);
 632 |             }
     |

================================================================================
warning[W0005]: implicit conversion between `i32` and `i64`; the narrower operand widens to the wider one. Write it with `as` - this is accepted for now and will become an error before v1.0.0
 --> src/compiler/passes/pass_registry.cryo:634:35
     |
 632 |             }
 633 |         } else {
 634 |             for (mut fi: int = 0; fi < tokens.length; fi++) {
     |                                   ^~~~~~~~~~~~~~~~~~ implicit conversion between `i32` and `i64`; the narrower operand widens to the wider one. Write it with `as` - this is accepted for now and will become an error before v1.0.0
 635 |                 final_tokens.push(tokens[fi]);
 636 |             }
     |

================================================================================
warning[W0005]: implicit conversion between `i32` and `i64`; the narrower operand widens to the wider one. Write it with `as` - this is accepted for now and will become an error before v1.0.0
 --> src/compiler/deps/Git.cryo:128:30
     |
 126 |         }
 127 | 
 128 |         for (mut i: int = 0; i < candidates.length; i++) {
     |                              ^~~~~~~~~~~~~~~~~~~~~ implicit conversion between `i32` and `i64`; the narrower operand widens to the wider one. Write it with `as` - this is accepted for now and will become an error before v1.0.0
 129 |             mut rp_args: string[] = [
 130 |                 fmt::format("--git-dir=%s", dir),
     |

================================================================================
warning[W0005]: implicit conversion between `i32` and `i64`; the narrower operand widens to the wider one. Write it with `as` - this is accepted for now and will become an error before v1.0.0
 --> src/compiler/deps/Semver.cryo:182:30
     |
 180 |         mut best_v:   Version = Version::invalid();
 181 | 
 182 |         for (mut i: int = 0; i < tags.length; i++) {
     |                              ^~~~~~~~~~~~~~~ implicit conversion between `i32` and `i64`; the narrower operand widens to the wider one. Write it with `as` - this is accepted for now and will become an error before v1.0.0
 183 |             const tag: string = tags[i];
 184 |             const v:   Version = Version::parse(Text::new(tag));
     |

================================================================================
warning[W0005]: implicit conversion between `i32` and `i64`; the narrower operand widens to the wider one. Write it with `as` - this is accepted for now and will become an error before v1.0.0
 --> src/compiler/deps/dep_resolver.cryo:197:30
     |
 195 |                        visited: string[]*,
 196 |                        outcome: ResolveOutcome*) -> void {
 197 |         for (mut i: int = 0; i < cfg.dependencies.length; i++) {
     |                              ^~~~~~~~~~~~~~~~~~~~~~~~~~~ implicit conversion between `i32` and `i64`; the narrower operand widens to the wider one. Write it with `as` - this is accepted for now and will become an error before v1.0.0
 198 |             const dep: Dependency = cfg.dependencies[i];
     |

================================================================================
warning[W0005]: implicit conversion between `i32` and `i64`; the narrower operand widens to the wider one. Write it with `as` - this is accepted for now and will become an error before v1.0.0
 --> src/compiler/deps/dep_resolver.cryo:427:30
     |
 425 |             });
 426 |         }
 427 |         for (mut j: int = 0; j < dep_cfg.source_paths.length; j++) {
     |                              ^~~~~~~~~~~~~~~~~~~~~~~~~~~~~~~ implicit conversion between `i32` and `i64`; the narrower operand widens to the wider one. Write it with `as` - this is accepted for now and will become an error before v1.0.0
 428 |             outcome.roots.push(DepRoot {
 429 |                 path: fmt::format("%s/%s", path_for_loader, dep_cfg.source_paths[j]),
     |

================================================================================
warning[W0005]: implicit conversion between `i32` and `i64`; the narrower operand widens to the wider one. Write it with `as` - this is accepted for now and will become an error before v1.0.0
 --> src/compiler/deps/dep_resolver.cryo:448:30
     |
 446 |             });
 447 |         }
 448 |         for (mut j: int = 0; j < dep_cfg.source_paths.length; j++) {
     |                              ^~~~~~~~~~~~~~~~~~~~~~~~~~~~~~~ implicit conversion between `i32` and `i64`; the narrower operand widens to the wider one. Write it with `as` - this is accepted for now and will become an error before v1.0.0
 449 |             outcome.roots.push(DepRoot {
 450 |                 path: fmt::format("%s/%s", dep_root, dep_cfg.source_paths[j]),
     |

================================================================================
warning[W0015]: explicit destructor call; the value is released at scope exit, and an aggregate's fields are released after its own `drop` runs. To release EARLY, write `mem::drop(x)`, which also stops the value being used afterwards. This is a warning while the tree is being cleaned up and will become an error
 --> src/compiler/bindgen/generator.cryo:954:9
     |
 952 |             Result::Err(_) => {}
 953 |         }
 954 |         text.drop();
     |         ^~~~~~~~~~~ explicit destructor call; the value is released at scope exit, and an aggregate's fields are released after its own `drop` runs. To release EARLY, write `mem::drop(x)`, which also stops the value being used afterwards. This is a warning while the tree is being cleaned up and will become an error
 955 |     }
     |

================================================================================
warning[W0014]: redundant type suffix `u32` on numeric literal `16u32`; the surrounding context already types it
 --> src/compiler/Instance.cryo:107:44
     |
 105 | // Below this module count the bitcode round-trip + child-process spawn cost
 106 | // outweighs the parallel-emit win, so codegen stays serial + in-process.
 107 | const CODEGEN_MULTIPROC_MIN_MODULES: u32 = 16u32;
     |                                            ^~~~~ redundant type suffix `u32` on numeric literal `16u32`; the surrounding context already types it
 108 | 
 109 | type struct CompilerConfig {
     |

================================================================================
warning[W0005]: implicit conversion between `i32` and `i64`; the narrower operand widens to the wider one. Write it with `as` - this is accepted for now and will become an error before v1.0.0
 --> src/compiler/Instance.cryo:719:35
     |
 717 |         if (config.is_multi_target()) {
 718 |             mut chosen: int = -1;
 719 |             for (mut bi: int = 0; bi < config.bins.length; bi++) {
     |                                   ^~~~~~~~~~~~~~~~~~~~~~~ implicit conversion between `i32` and `i64`; the narrower operand widens to the wider one. Write it with `as` - this is accepted for now and will become an error before v1.0.0
 720 |                 const bin_full: string = fmt::format("%s/%s",
 721 |                     config.project_root, config.bins[bi].entry_point);
     |

================================================================================
warning[W0005]: implicit conversion between `i32` and `i64`; the narrower operand widens to the wider one. Write it with `as` - this is accepted for now and will become an error before v1.0.0
 --> src/compiler/Instance.cryo:869:30
     |
 867 |         }
 868 | 
 869 |         for (mut i: int = 0; i < base.bins.length; i++) {
     |                              ^~~~~~~~~~~~~~~~~~~~ implicit conversion between `i32` and `i64`; the narrower operand widens to the wider one. Write it with `as` - this is accepted for now and will become an error before v1.0.0
 870 |             cdebug(Text::new("[Compiler] Multi-target: building bin '%s' from %s\n"),
 871 |                 base.bins[i].name, base.bins[i].entry_point);
     |

================================================================================
warning[W0005]: implicit conversion between `i32` and `i64`; the narrower operand widens to the wider one. Write it with `as` - this is accepted for now and will become an error before v1.0.0
 --> src/compiler/Instance.cryo:891:30
     |
 889 |         // isolates the module graph, so members with disjoint namespaces do not
 890 |         // interfere; each member's name keys its own archive + incremental state.
 891 |         for (mut i: int = 0; i < base.libs.length; i++) {
     |                              ^~~~~~~~~~~~~~~~~~~~ implicit conversion between `i32` and `i64`; the narrower operand widens to the wider one. Write it with `as` - this is accepted for now and will become an error before v1.0.0
 892 |             cdebug(Text::new("[Compiler] Workspace: building lib '%s' from %s\n"),
 893 |                 base.libs[i].name, base.libs[i].source_dir);
     |

================================================================================
warning[W0005]: implicit conversion between `i32` and `i64`; the narrower operand widens to the wider one. Write it with `as` - this is accepted for now and will become an error before v1.0.0
 --> src/compiler/Instance.cryo:1150:31
      |
 1148 |         // imports targeting the dep's namespaces resolve.
 1149 |         mut effective_roots: string[] = [];
 1150 |         for (mut ip: int = 0; ip < config.source_paths.length; ip++) {
      |                               ^~~~~~~~~~~~~~~~~~~~~~~~~~~~~~~ implicit conversion between `i32` and `i64`; the narrower operand widens to the wider one. Write it with `as` - this is accepted for now and will become an error before v1.0.0
 1151 |             effective_roots.push(config.source_paths[ip]);
 1152 |         }
      |

================================================================================
warning[W0005]: implicit conversion between `i32` and `i64`; the narrower operand widens to the wider one. Write it with `as` - this is accepted for now and will become an error before v1.0.0
 --> src/compiler/Instance.cryo:1165:31
      |
 1163 |             return CompilationResult::failed(1, 0);
 1164 |         }
 1165 |         for (mut dr: int = 0; dr < dep_outcome.roots.length; dr++) {
      |                               ^~~~~~~~~~~~~~~~~~~~~~~~~~~~~ implicit conversion between `i32` and `i64`; the narrower operand widens to the wider one. Write it with `as` - this is accepted for now and will become an error before v1.0.0
 1166 |             effective_roots.push(dep_outcome.roots[dr].path);
 1167 |             cdebug(Text::new("[Compiler] Dependency scan root: %s (%s)\n"),
      |

================================================================================
warning[W0005]: implicit conversion between `u32` and `i64`; the narrower operand widens to the wider one. Write it with `as` - this is accepted for now and will become an error before v1.0.0
 --> src/compiler/Instance.cryo:1355:32
      |
 1353 |                 ""
 1354 |             };
 1355 |         for (mut mci: u32 = 0; mci < ctx.module_graph.modules.length; mci++) {
      |                                ^~~~~~~~~~~~~~~~~~~~~~~~~~~~~~~~~~~~~ implicit conversion between `u32` and `i64`; the narrower operand widens to the wider one. Write it with `as` - this is accepted for now and will become an error before v1.0.0
 1356 |             const mci_info: ModuleInfo* = &ctx.module_graph.modules[mci];
 1357 |             const fpath: string = mci_info.file_path;
      |

================================================================================
warning[W0005]: implicit conversion between `i32` and `i64`; the narrower operand widens to the wider one. Write it with `as` - this is accepted for now and will become an error before v1.0.0
 --> src/compiler/Instance.cryo:1377:36
      |
 1375 |             }
 1376 |             mut matched_dep: boolean = false;
 1377 |             for (mut drc: int = 0; drc < dep_outcome.roots.length; drc++) {
      |                                    ^~~~~~~~~~~~~~~~~~~~~~~~~~~~~~ implicit conversion between `i32` and `i64`; the narrower operand widens to the wider one. Write it with `as` - this is accepted for now and will become an error before v1.0.0
 1378 |                 const dr_path: string = dep_outcome.roots[drc].path;
 1379 |                 const dr_base: string =
      |

================================================================================
warning[W0005]: implicit conversion between `u32` and `i64`; the narrower operand widens to the wider one. Write it with `as` - this is accepted for now and will become an error before v1.0.0
 --> src/compiler/Instance.cryo:1420:32
      |
 1418 |         // empty and the closure costs nothing.
 1419 |         mut reexporters: u32[] = [];
 1420 |         for (mut rxi: u32 = 0; rxi < ctx.module_graph.modules.length; rxi++) {
      |                                ^~~~~~~~~~~~~~~~~~~~~~~~~~~~~~~~~~~~~ implicit conversion between `u32` and `i64`; the narrower operand widens to the wider one. Write it with `as` - this is accepted for now and will become an error before v1.0.0
 1421 |             if (ctx.module_graph.modules[rxi].reexports.length > 0) {
 1422 |                 reexporters.push(rxi);
      |

================================================================================
warning[W0005]: implicit conversion between `u32` and `i64`; the narrower operand widens to the wider one. Write it with `as` - this is accepted for now and will become an error before v1.0.0
 --> src/compiler/Instance.cryo:1425:32
      |
 1423 |             }
 1424 |         }
 1425 |         for (mut imi: u32 = 0; imi < ctx.module_graph.modules.length; imi++) {
      |                                ^~~~~~~~~~~~~~~~~~~~~~~~~~~~~~~~~~~~~ implicit conversion between `u32` and `i64`; the narrower operand widens to the wider one. Write it with `as` - this is accepted for now and will become an error before v1.0.0
 1426 |             const imi_info: ModuleInfo* = &ctx.module_graph.modules[imi];
 1427 |             // What a module can SEE is its dependency edges PLUS the brace-list
      |

================================================================================
warning[W0005]: implicit conversion between `u32` and `i64`; the narrower operand widens to the wider one. Write it with `as` - this is accepted for now and will become an error before v1.0.0
 --> src/compiler/Instance.cryo:1483:35
      |
 1481 |         if (ctx.project_config != null && !ctx.project_config.cxx_ffi) {
 1482 |             mut cxx_gated: boolean = false;
 1483 |             for (mut gi: u32 = 0; gi < ctx.module_graph.modules.length; gi++) {
      |                                   ^~~~~~~~~~~~~~~~~~~~~~~~~~~~~~~~~~~~ implicit conversion between `u32` and `i64`; the narrower operand widens to the wider one. Write it with `as` - this is accepted for now and will become an error before v1.0.0
 1484 |                 const ginfo: ModuleInfo* = &ctx.module_graph.modules[gi];
 1485 |                 const is_vendor: boolean = match (ginfo.origin) {
      |

================================================================================
warning[W0005]: implicit conversion between `u32` and `i64`; the narrower operand widens to the wider one. Write it with `as` - this is accepted for now and will become an error before v1.0.0
 --> src/compiler/Instance.cryo:3034:31
      |
 3032 |         const intern: InternTable* = ctx.intern_table;
 3033 |         mut ok: boolean = true;
 3034 |         for (mut mi: u32 = 0; mi < ctx.module_graph.modules.length; mi++) {
      |                               ^~~~~~~~~~~~~~~~~~~~~~~~~~~~~~~~~~~~ implicit conversion between `u32` and `i64`; the narrower operand widens to the wider one. Write it with `as` - this is accepted for now and will become an error before v1.0.0
 3035 |             const root: ProgramNode* = ctx.module_graph.get_module_ast(mi);
 3036 |             if (root == null) { continue; }
      |

================================================================================
warning[W0014]: redundant type suffix `u64` on numeric literal `64u64`; the surrounding context already types it
 --> src/compiler/Instance.cryo:3686:62
      |
 3684 |         // pause: the workers are allocation-free (see the doc comment), so the
 3685 |         // single-threaded arena is untouched while they run.
 3686 |         mut s: thread::Scope = thread::Scope::new_with_stack(64u64 * 1024u64 * 1024);
      |                                                              ^~~~~ redundant type suffix `u64` on numeric literal `64u64`; the surrounding context already types it
 3687 |         for (mut w: u32 = 0; w < nw; w++) {
 3688 |             s.spawn::<EmitWorkerCtx*>(&wcs[w], emit_worker_entry);
      |

================================================================================
warning[W0014]: redundant type suffix `u64` on numeric literal `1024u64`; the surrounding context already types it
 --> src/compiler/Instance.cryo:3686:70
      |
 3684 |         // pause: the workers are allocation-free (see the doc comment), so the
 3685 |         // single-threaded arena is untouched while they run.
 3686 |         mut s: thread::Scope = thread::Scope::new_with_stack(64u64 * 1024u64 * 1024);
      |                                                                      ^~~~~~~ redundant type suffix `u64` on numeric literal `1024u64`; the surrounding context already types it
 3687 |         for (mut w: u32 = 0; w < nw; w++) {
 3688 |             s.spawn::<EmitWorkerCtx*>(&wcs[w], emit_worker_entry);
      |

================================================================================
warning[W0015]: explicit destructor call; the value is released at scope exit, and an aggregate's fields are released after its own `drop` runs. To release EARLY, write `mem::drop(x)`, which also stops the value being used afterwards. This is a warning while the tree is being cleaned up and will become an error
 --> src/CLI/commands.cryo:2287:37
      |
 2285 |         mut root: value::JsonValue = match (parser::parse(str::Str::from(content))) {
 2286 |             Result::Ok(v)      => { v }
 2287 |             Result::Err(mut e) => { e.drop(); return Option::None; }
      |                                     ^~~~~~~~ explicit destructor call; the value is released at scope exit, and an aggregate's fields are released after its own `drop` runs. To release EARLY, write `mem::drop(x)`, which also stops the value being used afterwards. This is a warning while the tree is being cleaned up and will become an error
 2288 |         };
 2289 |         mut spec: ProjSpec = ProjSpec {
      |

================================================================================
warning[W0015]: explicit destructor call; the value is released at scope exit, and an aggregate's fields are released after its own `drop` runs. To release EARLY, write `mem::drop(x)`, which also stops the value being used afterwards. This is a warning while the tree is being cleaned up and will become an error
 --> src/CLI/commands.cryo:2421:9
      |
 2419 |             Option::None => { }
 2420 |         }
 2421 |         root.drop();
      |         ^~~~~~~~~~~ explicit destructor call; the value is released at scope exit, and an aggregate's fields are released after its own `drop` runs. To release EARLY, write `mem::drop(x)`, which also stops the value being used afterwards. This is a warning while the tree is being cleaned up and will become an error
 2422 |         return Option::Some(spec);
 2423 |     }
      |

================================================================================
warning[W0015]: explicit destructor call; the value is released at scope exit, and an aggregate's fields are released after its own `drop` runs. To release EARLY, write `mem::drop(x)`, which also stops the value being used afterwards. This is a warning while the tree is being cleaned up and will become an error
 --> src/CLI/commands.cryo:3200:17
      |
 3198 |             Result::Ok(v)      => { v }
 3199 |             Result::Err(mut e) => {
 3200 |                 e.drop();
      |                 ^~~~~~~~ explicit destructor call; the value is released at scope exit, and an aggregate's fields are released after its own `drop` runs. To release EARLY, write `mem::drop(x)`, which also stops the value being used afterwards. This is a warning while the tree is being cleaned up and will become an error
 3201 |                 fmt::eprintf("Error: %s is not valid JSON.\n", manifest_path);
 3202 |                 return 1;
      |

================================================================================
warning[W0015]: explicit destructor call; the value is released at scope exit, and an aggregate's fields are released after its own `drop` runs. To release EARLY, write `mem::drop(x)`, which also stops the value being used afterwards. This is a warning while the tree is being cleaned up and will become an error
 --> src/CLI/commands.cryo:3230:9
      |
 3228 |         const norm_triple: string = registry::VendorRegistry::normalize_triple(Text::new(triple));
 3229 |         const bindings_file: string = registry::VendorRegistry::jstr(&root, "bindings_file", "");
 3230 |         root.drop();
      |         ^~~~~~~~~~~ explicit destructor call; the value is released at scope exit, and an aggregate's fields are released after its own `drop` runs. To release EARLY, write `mem::drop(x)`, which also stops the value being used afterwards. This is a warning while the tree is being cleaned up and will become an error
 3231 | 
 3232 |         const cache_dir: string = registry::VendorRegistry::cache_dir_for(key, triple);
      |

================================================================================
warning[W0005]: implicit conversion between `i32` and `i64`; the narrower operand widens to the wider one. Write it with `as` - this is accepted for now and will become an error before v1.0.0
 --> src/CLI/_module.cryo:55:30
    |
 53 | 
 54 |     set_arg(mut &this, key: string, arg: Argument) -> void {
 55 |         for (mut i: int = 0; i < this.args.length; i++) {
    |                              ^~~~~~~~~~~~~~~~~~~~ implicit conversion between `i32` and `i64`; the narrower operand widens to the wider one. Write it with `as` - this is accepted for now and will become an error before v1.0.0
 56 |             if (this.args[i].first.equals(&key)) {
 57 |                 this.args[i].second = arg;
    |

================================================================================
warning[W0005]: implicit conversion between `i32` and `i64`; the narrower operand widens to the wider one. Write it with `as` - this is accepted for now and will become an error before v1.0.0
 --> src/CLI/_module.cryo:66:30
    |
 64 | 
 65 |     has_arg(&this, key: string) -> boolean {
 66 |         for (mut i: int = 0; i < this.args.length; i++) {
    |                              ^~~~~~~~~~~~~~~~~~~~ implicit conversion between `i32` and `i64`; the narrower operand widens to the wider one. Write it with `as` - this is accepted for now and will become an error before v1.0.0
 67 |             if (this.args[i].first.equals(&key)) { return true; }
 68 |         }
    |

================================================================================
warning[W0005]: implicit conversion between `i32` and `i64`; the narrower operand widens to the wider one. Write it with `as` - this is accepted for now and will become an error before v1.0.0
 --> src/CLI/_module.cryo:75:30
    |
 73 |     /// string if the key wasn't provided.
 74 |     get_value(&this, key: string) -> string {
 75 |         for (mut i: int = 0; i < this.args.length; i++) {
    |                              ^~~~~~~~~~~~~~~~~~~~ implicit conversion between `i32` and `i64`; the narrower operand widens to the wider one. Write it with `as` - this is accepted for now and will become an error before v1.0.0
 76 |             if (this.args[i].first.equals(&key)) {
 77 |                 return this.args[i].second.default_value;
    |

================================================================================
warning[W0005]: implicit conversion between `i32` and `i64`; the narrower operand widens to the wider one. Write it with `as` - this is accepted for now and will become an error before v1.0.0
 --> src/CLI/_module.cryo:86:30
    |
 84 |     /// don't need to reach into the private `defines` array directly.
 85 |     set_define(mut &this, key: string, arg: Argument) -> void {
 86 |         for (mut i: int = 0; i < this.defines.length; i++) {
    |                              ^~~~~~~~~~~~~~~~~~~~~~~ implicit conversion between `i32` and `i64`; the narrower operand widens to the wider one. Write it with `as` - this is accepted for now and will become an error before v1.0.0
 87 |             if (this.defines[i].first.equals(&key)) {
 88 |                 this.defines[i].second = arg;
    |

================================================================================
warning[W0005]: implicit conversion between `i32` and `i64`; the narrower operand widens to the wider one. Write it with `as` - this is accepted for now and will become an error before v1.0.0
 --> src/CLI/_module.cryo:101:30
     |
  99 |             default_value: value,
 100 |         };
 101 |         for (mut i: int = 0; i < this.flags.length; i++) {
     |                              ^~~~~~~~~~~~~~~~~~~~~ implicit conversion between `i32` and `i64`; the narrower operand widens to the wider one. Write it with `as` - this is accepted for now and will become an error before v1.0.0
 102 |             if (this.flags[i].first.equals(&key)) {
 103 |                 this.flags[i].second = flag;
     |

================================================================================
warning[W0005]: implicit conversion between `i32` and `i64`; the narrower operand widens to the wider one. Write it with `as` - this is accepted for now and will become an error before v1.0.0
 --> src/CLI/_module.cryo:111:30
     |
 109 | 
 110 |     has_flag(&this, key: string) -> boolean {
 111 |         for (mut i: int = 0; i < this.flags.length; i++) {
     |                              ^~~~~~~~~~~~~~~~~~~~~ implicit conversion between `i32` and `i64`; the narrower operand widens to the wider one. Write it with `as` - this is accepted for now and will become an error before v1.0.0
 112 |             if (this.flags[i].first.equals(&key)) { return true; }
 113 |         }
     |

================================================================================
warning[W0005]: implicit conversion between `i32` and `i64`; the narrower operand widens to the wider one. Write it with `as` - this is accepted for now and will become an error before v1.0.0
 --> src/CLI/_module.cryo:156:30
     |
 154 |     /// `-D` defines live in a separate list and are intentionally not checked.
 155 |     validate(&this) -> boolean {
 156 |         for (mut i: int = 0; i < this.flags.length; i++) {
     |                              ^~~~~~~~~~~~~~~~~~~~~ implicit conversion between `i32` and `i64`; the narrower operand widens to the wider one. Write it with `as` - this is accepted for now and will become an error before v1.0.0
 157 |             const key: string = this.flags[i].first;
 158 |             if (!ArgumentParser::is_known_flag(key)) {
     |

================================================================================
warning[W0005]: implicit conversion between `i32` and `i64`; the narrower operand widens to the wider one. Write it with `as` - this is accepted for now and will become an error before v1.0.0
 --> src/CLI/_module.cryo:163:30
     |
 161 |             }
 162 |         }
 163 |         for (mut i: int = 0; i < this.args.length; i++) {
     |                              ^~~~~~~~~~~~~~~~~~~~ implicit conversion between `i32` and `i64`; the narrower operand widens to the wider one. Write it with `as` - this is accepted for now and will become an error before v1.0.0
 164 |             const key: string = this.args[i].first;
 165 |             if (!ArgumentParser::is_known_flag(key)) {
     |

================================================================================
error[E0157]: `scan_file_namespace` looks up a spelling read off a field
 --> src/compiler/module_loader.cryo:355:5
     |
 353 |     /// Lex a single .cryo file, extract the namespace declaration,
 354 |     /// and register it in ns_map.
 355 |     scan_file_namespace(mut &this, intern: InternTable*, file_path: string) -> void {
     |     ^^^^^^^^^^^^^^^^^^^ `scan_file_namespace` looks up a spelling read off a field
 356 |         // Skip the on-disk existence check when the file is the LSP
 357 |         // override target; `file_for` will hand the lexer the editor
   ...
 371 |         const scan: ModuleScanResult = ModuleLoader::scan_tokens(intern, tokens);
 372 |         if (scan.namespace_name.is_valid()) {
 373 |             this.ns_map.insert(intern.resolve(scan.namespace_name), file_path);
     |                                ----------------------------------- looked up here, outside a door: the key of a hash table
 374 |         }
 375 |     }
     |
================================================================================
 help: ask a door, or say why this is no lookup: `![allow(lookup_by_spelling, reason = "...")]` on the declaration

================================================================================
error[E0157]: `discover_module` looks up a spelling read off a field
 --> src/compiler/module_loader.cryo:593:5
     |
 591 |
 592 |     /// Recursively discover a module and its imports.
 593 |     discover_module(mut &this, intern: InternTable*,
     |     ^^^^^^^^^^^^^^^ `discover_module` looks up a spelling read off a field
 594 |                     graph: ModuleGraph*, sink: DiagnosticSink*,
 595 |                     file_path: string, debug: boolean) -> boolean {
   ...
 753 |                 // import path, which names no module.
 754 |                 const scanned: string =
 755 |                     match (this.scanned_ns.get(&resolved.to_ascii_lower())) {
     |                                                -------------------------- looked up here, outside a door: the key of a hash table
 756 |                         Option::Some(ns) => { ns }
 757 |                         Option::None     => { "" }
     |
================================================================================
 help: ask a door, or say why this is no lookup: `![allow(lookup_by_spelling, reason = "...")]` on the declaration

================================================================================
error[E0157]: `resolve_written_path` looks up a spelling it is handed as plain text
 --> src/compiler/module_loader.cryo:446:58
     |
 389 |     /// none is found.
 390 |     resolve_import_path(&this, intern: InternTable*, written: SymbolStr, from_dir: string) -> string {
 391 |         const found: string = this.resolve_written_path(intern.resolve(written));
     |                                                         ----------------------- the spelling leaves the function that holds it here, as text
 392 |         if (found.length() > 0 || from_dir.length() == 0) { return found; }
 393 |         return this.search_location(from_dir, ModuleLoader::replace_separator(intern.resolve(written)));
   ...
 444 |         // This handles all case-insensitive resolution automatically since
 445 |         // the map was built by walking the actual filesystem.
 446 |         const from_map: Option<string> = this.ns_map.get(&import_path);
     |                                                          ^^^^^^^^^^^^ looked up here, outside a door: the key of a hash table
 447 |         if (from_map.is_some()) {
 448 |             return from_map.unwrap();
     |
================================================================================
 help: hand the spelling to a door, or say why this is no lookup: `![allow(lookup_by_spelling, reason = "...")]` on the declaration

================================================================================
error[E0157]: `discover_module` looks up a spelling it is handed as plain text
 --> src/compiler/module_loader.cryo:618:20
     |
 616 |         const is_override: boolean =
 617 |             (this.lsp_override_path.length() > 0
 618 |                 && this.lsp_override_path.eq(file_path));
     |                    ^^^^^^^^^^^^^^^^^^^^^^^^^^^^^^^^^^^^ looked up here, outside a door: the operand of a comparison
 619 |         if (!is_override && !metadata::exists(Path::from(file_path))) {
 620 |             const msg: string = fmt::format("module file not found: '%s'", file_path);
   ...
 732 |             // Recursively discover the dependency (must happen before
 733 |             // add_dependency so the target module's namespace is known)
 734 |             if (!this.discover_module(intern, graph, sink, resolved, debug)) {
     |                                                            -------- the spelling leaves the function that holds it here, as text
 735 |                 success = false;
 736 |             }
     |
================================================================================
 help: hand the spelling to a door, or say why this is no lookup: `![allow(lookup_by_spelling, reason = "...")]` on the declaration

================================================================================
error[E0157]: `discover_module` looks up a spelling it is handed as plain text
 --> src/compiler/module_loader.cryo:666:32
     |
 664 |         // module's namespace while it is still mid-load; without this the
 665 |         // dependency edge degrades to the raw import path.  See `scanned_ns`.
 666 |         this.scanned_ns.insert(norm_path, mod_name_str);
     |                                ^^^^^^^^^ looked up here, outside a door: the key of a hash table
 667 |
 668 |         // Directory of the current file, used to resolve bare sub-module
   ...
 732 |             // Recursively discover the dependency (must happen before
 733 |             // add_dependency so the target module's namespace is known)
 734 |             if (!this.discover_module(intern, graph, sink, resolved, debug)) {
     |                                                            -------- the spelling leaves the function that holds it here, as text
 735 |                 success = false;
 736 |             }
     |
================================================================================
 help: hand the spelling to a door, or say why this is no lookup: `![allow(lookup_by_spelling, reason = "...")]` on the declaration

================================================================================
error[E0157]: `discover_module` looks up a spelling it is handed as plain text
 --> src/compiler/module_loader.cryo:755:48
     |
 732 |             // Recursively discover the dependency (must happen before
 733 |             // add_dependency so the target module's namespace is known)
 734 |             if (!this.discover_module(intern, graph, sink, resolved, debug)) {
     |                                                            -------- the spelling leaves the function that holds it here, as text
 735 |                 success = false;
 736 |             }
   ...
 753 |                 // import path, which names no module.
 754 |                 const scanned: string =
 755 |                     match (this.scanned_ns.get(&resolved.to_ascii_lower())) {
     |                                                ^^^^^^^^^^^^^^^^^^^^^^^^^^ looked up here, outside a door: the key of a hash table
 756 |                         Option::Some(ns) => { ns }
 757 |                         Option::None     => { "" }
     |
================================================================================
 help: hand the spelling to a door, or say why this is no lookup: `![allow(lookup_by_spelling, reason = "...")]` on the declaration

================================================================================
error[E0157]: `discover_module` looks up a spelling it is handed as plain text
 --> src/compiler/module_loader.cryo:804:44
     |
 732 |             // Recursively discover the dependency (must happen before
 733 |             // add_dependency so the target module's namespace is known)
 734 |             if (!this.discover_module(intern, graph, sink, resolved, debug)) {
     |                                                            -------- the spelling leaves the function that holds it here, as text
 735 |                 success = false;
 736 |             }
   ...
 802 |                 // above; the namespace is known even though the graph entry
 803 |                 // is not written yet.
 804 |                 match (this.scanned_ns.get(&item_resolved.to_ascii_lower())) {
     |                                            ^^^^^^^^^^^^^^^^^^^^^^^^^^^^^^^ looked up here, outside a door: the key of a hash table
 805 |                     Option::Some(ns) => {
 806 |                         info.add_imported_namespace(RecordedEdge::written_as(intern.intern(ns)));
     |
================================================================================
 help: hand the spelling to a door, or say why this is no lookup: `![allow(lookup_by_spelling, reason = "...")]` on the declaration

================================================================================
error[E0157]: `discover_module` looks up a spelling it is handed as plain text
 --> src/compiler/module_loader.cryo:885:44
     |
 732 |             // Recursively discover the dependency (must happen before
 733 |             // add_dependency so the target module's namespace is known)
 734 |             if (!this.discover_module(intern, graph, sink, resolved, debug)) {
     |                                                            -------- the spelling leaves the function that holds it here, as text
 735 |                 success = false;
 736 |             }
   ...
 883 |                 // Mid-load inside a cycle: the graph entry is not written yet,
 884 |                 // but the namespace is already known.
 885 |                 match (this.scanned_ns.get(&exp_resolved.to_ascii_lower())) {
     |                                            ^^^^^^^^^^^^^^^^^^^^^^^^^^^^^^ looked up here, outside a door: the key of a hash table
 886 |                     Option::Some(ns) => {
 887 |                         const ns_sym: SymbolStr = intern.intern(ns);
     |
================================================================================
 help: hand the spelling to a door, or say why this is no lookup: `![allow(lookup_by_spelling, reason = "...")]` on the declaration

================================================================================
error[E0157]: `discover_module` looks up a spelling it is handed as plain text
 --> src/compiler/module_loader.cryo:939:44
     |
 732 |             // Recursively discover the dependency (must happen before
 733 |             // add_dependency so the target module's namespace is known)
 734 |             if (!this.discover_module(intern, graph, sink, resolved, debug)) {
     |                                                            -------- the spelling leaves the function that holds it here, as text
 735 |                 success = false;
 736 |             }
   ...
 937 |                     continue;
 938 |                 }
 939 |                 match (this.scanned_ns.get(&eitem_resolved.to_ascii_lower())) {
     |                                            ^^^^^^^^^^^^^^^^^^^^^^^^^^^^^^^^ looked up here, outside a door: the key of a hash table
 940 |                     Option::Some(ns) => {
 941 |                         const ens: SymbolStr = intern.intern(ns);
     |
================================================================================
 help: hand the spelling to a door, or say why this is no lookup: `![allow(lookup_by_spelling, reason = "...")]` on the declaration

================================================================================
error[E0157]: `discover_module` looks up a spelling it is handed as plain text
 --> src/compiler/module_loader.cryo:983:48
     |
 732 |             // Recursively discover the dependency (must happen before
 733 |             // add_dependency so the target module's namespace is known)
 734 |             if (!this.discover_module(intern, graph, sink, resolved, debug)) {
     |                                                            -------- the spelling leaves the function that holds it here, as text
 735 |                 success = false;
 736 |             }
   ...
 981 |                     // Mid-load (cycle): the graph entry is not written yet, but
 982 |                     // the namespace is known.  Same case as the import edge.
 983 |                     match (this.scanned_ns.get(&sub_resolved.to_ascii_lower())) {
     |                                                ^^^^^^^^^^^^^^^^^^^^^^^^^^^^^^ looked up here, outside a door: the key of a hash table
 984 |                         Option::Some(ns) => { info.add_submodule(RecordedEdge::written_as(intern.intern(ns))); }
 985 |                         Option::None     => { }
     |
================================================================================
 help: hand the spelling to a door, or say why this is no lookup: `![allow(lookup_by_spelling, reason = "...")]` on the declaration

================================================================================
error[E0157]: `find_module_by_path` looks up a spelling it is handed as plain text
 --> src/compiler/module_graph.cryo:908:17
     |
 906 |     find_module_by_path(&this, path: string) -> i64 {
 907 |         for (mut i: i64 = 0; i < this.modules.length; i++) {
 908 |             if (ModuleGraph::paths_equal_ignore_case(this.modules[i].file_path, path)) {
     |                 ^~~~~~~~~~~~~~~~~~~~~~~~~~~~~~~~~~~~~~~~~~~~~~~~~~~~~~~~~~~~~~~~~~~~~ looked up here, outside a door: the operand of a comparison
 909 |                 return i;
 910 |             }
     |
 :: src/compiler/module_loader.cryo:744:60
     |
 744 |             const dep_idx: i64 = graph.find_module_by_path(resolved);
     |                                                            ^~~~~~~~ the spelling leaves the function that holds it here, as text
     |
================================================================================
 help: hand the spelling to a door, or say why this is no lookup: `![allow(lookup_by_spelling, reason = "...")]` on the declaration

================================================================================
error[E0157]: `is_vendor_path` looks up a spelling it is handed as plain text
 --> src/compiler/module_loader.cryo:486:16
     |
 389 |     /// none is found.
 390 |     resolve_import_path(&this, intern: InternTable*, written: SymbolStr, from_dir: string) -> string {
 391 |         const found: string = this.resolve_written_path(intern.resolve(written));
     |                                                         ----------------------- the spelling leaves the function that holds it here, as text
 392 |         if (found.length() > 0 || from_dir.length() == 0) { return found; }
 393 |         return this.search_location(from_dir, ModuleLoader::replace_separator(intern.resolve(written)));
   ...
 484 |     static is_vendor_path(import_path: string) -> boolean {
 485 |         return import_path.length() > 8
 486 |             && import_path.starts_with("vendor::");
     |                ^^^^^^^^^^^^^^^^^^^^^^^^^^^^^^^^^^^ looked up here, outside a door: the operand of a comparison
 487 |     }
 488 |
     |
================================================================================
 help: hand the spelling to a door, or say why this is no lookup: `![allow(lookup_by_spelling, reason = "...")]` on the declaration

================================================================================
error[E0157]: `find_index` looks up a spelling it is handed as plain text
 --> src/compiler/vendor/registry.cryo:203:17
     |
 201 |     find_index(&this, lib: string) -> i64 {
 202 |         for (mut i: i64 = 0; i < this.entries.length; i++) {
 203 |             if (this.entries[i].name == lib) { return i; }
     |                 ^~~~~~~~~~~~~~~~~~~~~~~~~~~ looked up here, outside a door: the operand of a comparison
 204 |         }
 205 |         for (mut i: i64 = 0; i < this.entries.length; i++) {
     |
 :: src/compiler/module_loader.cryo:391:57
     |
 391 |         const found: string = this.resolve_written_path(intern.resolve(written));
     |                                                         ^~~~~~~~~~~~~~~~~~~~~~~ the spelling leaves the function that holds it here, as text
     |
================================================================================
 help: hand the spelling to a door, or say why this is no lookup: `![allow(lookup_by_spelling, reason = "...")]` on the declaration

================================================================================
error[E0157]: `find_index` looks up a spelling it is handed as plain text
 --> src/compiler/vendor/registry.cryo:206:17
     |
 204 |         }
 205 |         for (mut i: i64 = 0; i < this.entries.length; i++) {
 206 |             if (VendorRegistry::ieq(this.entries[i].key, lib)) { return i; }
     |                 ^~~~~~~~~~~~~~~~~~~~~~~~~~~~~~~~~~~~~~~~~~~~~ looked up here, outside a door: the operand of a comparison
 207 |         }
 208 |         return -1;
     |
 :: src/compiler/module_loader.cryo:391:57
     |
 391 |         const found: string = this.resolve_written_path(intern.resolve(written));
     |                                                         ^~~~~~~~~~~~~~~~~~~~~~~ the spelling leaves the function that holds it here, as text
     |
================================================================================
 help: hand the spelling to a door, or say why this is no lookup: `![allow(lookup_by_spelling, reason = "...")]` on the declaration

================================================================================
error[E0157]: `triple_for_lib` looks up a spelling it is handed as plain text
 --> src/compiler/module_loader.cryo:178:17
     |
 176 |     triple_for_lib(&this, lib: string) -> string {
 177 |         for (mut i: i64 = 0; i < this.vendor_pins.length; i++) {
 178 |             if (this.vendor_pins[i].name == lib
     |                 ^^^^^^^^^^^^^^^^^^^^^^^^^^^^^^^ looked up here, outside a door: the operand of a comparison
 179 |                     && this.vendor_pins[i].triple != "") {
 180 |                 return this.vendor_pins[i].triple;
   ...
 389 |     /// none is found.
 390 |     resolve_import_path(&this, intern: InternTable*, written: SymbolStr, from_dir: string) -> string {
 391 |         const found: string = this.resolve_written_path(intern.resolve(written));
     |                                                         ----------------------- the spelling leaves the function that holds it here, as text
 392 |         if (found.length() > 0 || from_dir.length() == 0) { return found; }
 393 |         return this.search_location(from_dir, ModuleLoader::replace_separator(intern.resolve(written)));
     |
================================================================================
 help: hand the spelling to a door, or say why this is no lookup: `![allow(lookup_by_spelling, reason = "...")]` on the declaration

================================================================================
error[E0157]: `is_loaded` looks up a spelling it is handed as plain text
 --> src/compiler/module_loader.cryo:1056:17
      |
  732 |             // Recursively discover the dependency (must happen before
  733 |             // add_dependency so the target module's namespace is known)
  734 |             if (!this.discover_module(intern, graph, sink, resolved, debug)) {
      |                                                            -------- the spelling leaves the function that holds it here, as text
  735 |                 success = false;
  736 |             }
    ...
 1054 |     is_loaded(&this, path: string) -> boolean {
 1055 |         for (mut i: i64 = 0; i < this.loaded_paths.length; i++) {
 1056 |             if (this.loaded_paths[i].eq(path)) {
      |                 ^^^^^^^^^^^^^^^^^^^^^^^^^^^^^ looked up here, outside a door: the operand of a comparison
 1057 |                 return true;
 1058 |             }
      |
================================================================================
 help: hand the spelling to a door, or say why this is no lookup: `![allow(lookup_by_spelling, reason = "...")]` on the declaration

================================================================================
error[E0157]: `is_loading` looks up a spelling it is handed as plain text
 --> src/compiler/module_loader.cryo:1034:43
      |
  732 |             // Recursively discover the dependency (must happen before
  733 |             // add_dependency so the target module's namespace is known)
  734 |             if (!this.discover_module(intern, graph, sink, resolved, debug)) {
      |                                                            -------- the spelling leaves the function that holds it here, as text
  735 |                 success = false;
  736 |             }
    ...
 1032 |     is_loading(&this, path: string) -> boolean {
 1033 |         for (mut i: i64 = 0; i < this.loading.length; i++) {
 1034 |             if (this.loading[i].second && this.loading[i].first.eq(path)) {
      |                                           ^^^^^^^^^^^^^^^^^^^^^^^^^^^^^^ looked up here, outside a door: the operand of a comparison
 1035 |                 return true;
 1036 |             }
      |
================================================================================
 help: hand the spelling to a door, or say why this is no lookup: `![allow(lookup_by_spelling, reason = "...")]` on the declaration

================================================================================
error[E0157]: `source_for` looks up a spelling it is handed as plain text
 --> src/compiler/module_loader.cryo:202:20
     |
 200 |     source_for(&this, file_path: string) -> string {
 201 |         if (this.lsp_override_path.length() > 0
 202 |                 && this.lsp_override_path.eq(file_path)) {
     |                    ^^^^^^^^^^^^^^^^^^^^^^^^^^^^^^^^^^^^ looked up here, outside a door: the operand of a comparison
 203 |             return this.lsp_override_content;
 204 |         }
   ...
 732 |             // Recursively discover the dependency (must happen before
 733 |             // add_dependency so the target module's namespace is known)
 734 |             if (!this.discover_module(intern, graph, sink, resolved, debug)) {
     |                                                            -------- the spelling leaves the function that holds it here, as text
 735 |                 success = false;
 736 |             }
     |
================================================================================
 help: hand the spelling to a door, or say why this is no lookup: `![allow(lookup_by_spelling, reason = "...")]` on the declaration

================================================================================
error[E0157]: `pop_loading` looks up a spelling it is handed as plain text
 --> src/compiler/module_loader.cryo:1047:43
      |
  732 |             // Recursively discover the dependency (must happen before
  733 |             // add_dependency so the target module's namespace is known)
  734 |             if (!this.discover_module(intern, graph, sink, resolved, debug)) {
      |                                                            -------- the spelling leaves the function that holds it here, as text
  735 |                 success = false;
  736 |             }
    ...
 1045 |     pop_loading(mut &this, path: string) -> void {
 1046 |         for (mut i: i64 = 0; i < this.loading.length; i++) {
 1047 |             if (this.loading[i].second && this.loading[i].first.eq(path)) {
      |                                           ^^^^^^^^^^^^^^^^^^^^^^^^^^^^^^ looked up here, outside a door: the operand of a comparison
 1048 |                 this.loading[i].second = false;
 1049 |                 return;
      |
================================================================================
 help: hand the spelling to a door, or say why this is no lookup: `![allow(lookup_by_spelling, reason = "...")]` on the declaration

aborting due to 19 errors; 315 warnings emitted
Check failed (19 errors, 315 warnings)
